-- phpMyAdmin SQL Dump
-- version 5.0.4deb2~bpo10+1
-- https://www.phpmyadmin.net/
--
-- Host: localhost:3306
-- Generation Time: May 27, 2025 at 03:50 PM
-- Server version: 10.3.39-MariaDB-0+deb10u2
-- PHP Version: 7.3.31-1~deb10u7

SET SQL_MODE = "NO_AUTO_VALUE_ON_ZERO";
START TRANSACTION;
SET time_zone = "+00:00";


/*!40101 SET @OLD_CHARACTER_SET_CLIENT=@@CHARACTER_SET_CLIENT */;
/*!40101 SET @OLD_CHARACTER_SET_RESULTS=@@CHARACTER_SET_RESULTS */;
/*!40101 SET @OLD_COLLATION_CONNECTION=@@COLLATION_CONNECTION */;
/*!40101 SET NAMES utf8mb4 */;

--
-- Database: `u24623131_satoshi_nakamoto_db`
--
CREATE DATABASE IF NOT EXISTS `u24623131_satoshi_nakamoto_db` DEFAULT CHARACTER SET utf8mb4 COLLATE utf8mb4_general_ci;
USE `u24623131_satoshi_nakamoto_db`;

-- --------------------------------------------------------

--
-- Table structure for table `Compare`
--

CREATE TABLE `Compare` (
  `user_id` int(11) NOT NULL,
  `product_id` int(11) NOT NULL
) ENGINE=InnoDB DEFAULT CHARSET=utf8mb4 COLLATE=utf8mb4_general_ci;

--
-- Dumping data for table `Compare`
--

INSERT INTO `Compare` (`user_id`, `product_id`) VALUES
(52, 23),
(52, 32),
(52, 39);

-- --------------------------------------------------------

--
-- Table structure for table `favourites`
--

CREATE TABLE `favourites` (
  `user_id` int(11) NOT NULL,
  `product_id` int(11) NOT NULL
) ENGINE=InnoDB DEFAULT CHARSET=utf8mb4 COLLATE=utf8mb4_general_ci;

--
-- Dumping data for table `favourites`
--

INSERT INTO `favourites` (`user_id`, `product_id`) VALUES
(50, 23),
(52, 28),
(52, 30),
(52, 32),
(52, 39),
(52, 49),
(52, 53);

-- --------------------------------------------------------

--
-- Table structure for table `Prices`
--

CREATE TABLE `Prices` (
  `Retailer_ID` int(11) NOT NULL,
  `Product_No` int(11) NOT NULL,
  `Price` decimal(10,2) NOT NULL
) ENGINE=InnoDB DEFAULT CHARSET=utf8mb4 COLLATE=utf8mb4_general_ci;

--
-- Dumping data for table `Prices`
--

INSERT INTO `Prices` (`Retailer_ID`, `Product_No`, `Price`) VALUES
(1, 23, '22.99'),
(1, 24, '38.99'),
(1, 26, '24.99'),
(1, 28, '18.99'),
(1, 30, '23.99'),
(1, 32, '28.00'),
(1, 34, '20.00'),
(1, 35, '55.00'),
(1, 37, '19.50'),
(1, 39, '16.00'),
(1, 41, '32.00'),
(1, 43, '19.99'),
(1, 45, '24.99'),
(1, 47, '22.00'),
(1, 49, '34.99'),
(1, 51, '15.00'),
(1, 53, '32.00'),
(1, 55, '29.99'),
(1, 57, '14.00'),
(1, 59, '23.00'),
(1, 61, '17.00'),
(1, 63, '17.50'),
(1, 65, '25.00'),
(1, 66, '59.99'),
(1, 67, '55.00'),
(1, 69, '45.00'),
(1, 70, '20.00'),
(1, 72, '25.00'),
(1, 74, '22.00'),
(1, 76, '26.00'),
(1, 78, '17.00'),
(1, 80, '21.00'),
(1, 82, '42.00'),
(1, 84, '49.99'),
(1, 86, '25.00'),
(1, 88, '23.00'),
(1, 90, '35.00'),
(1, 92, '24.00'),
(1, 94, '39.99'),
(1, 96, '18.00'),
(1, 97, '28.00'),
(1, 99, '29.00'),
(1, 101, '28.50'),
(1, 103, '27.50'),
(1, 105, '26.00'),
(1, 107, '23.00'),
(1, 109, '24.00'),
(1, 111, '23.50'),
(1, 113, '24.50'),
(1, 115, '35.00'),
(1, 117, '34.00'),
(1, 119, '33.00'),
(1, 121, '35.50'),
(1, 123, '35.00'),
(1, 125, '27.00'),
(1, 126, '38.00'),
(1, 128, '27.00'),
(1, 130, '45.00'),
(1, 132, '49.99'),
(1, 134, '55.00'),
(1, 136, '40.00'),
(1, 137, '75.00'),
(2, 23, '21.50'),
(2, 25, '29.99'),
(2, 27, '20.00'),
(2, 29, '17.50'),
(2, 30, '22.50'),
(2, 32, '27.50'),
(2, 36, '18.99'),
(2, 38, '21.00'),
(2, 41, '31.50'),
(2, 44, '15.00'),
(2, 45, '23.50'),
(2, 48, '28.00'),
(2, 49, '33.50'),
(2, 51, '14.80'),
(2, 53, '31.50'),
(2, 55, '28.50'),
(2, 58, '18.00'),
(2, 60, '27.50'),
(2, 62, '18.50'),
(2, 64, '39.99'),
(2, 68, '38.00'),
(2, 70, '19.50'),
(2, 73, '19.00'),
(2, 74, '21.50'),
(2, 76, '25.50'),
(2, 78, '16.50'),
(2, 81, '23.00'),
(2, 83, '20.00'),
(2, 85, '24.00'),
(2, 86, '24.50'),
(2, 89, '30.00'),
(2, 91, '21.00'),
(2, 93, '28.00'),
(2, 95, '23.00'),
(2, 97, '27.50'),
(2, 99, '28.50'),
(2, 101, '28.00'),
(2, 103, '27.00'),
(2, 105, '25.50'),
(2, 107, '22.50'),
(2, 110, '26.00'),
(2, 111, '23.00'),
(2, 114, '23.00'),
(2, 115, '34.50'),
(2, 117, '33.50'),
(2, 120, '32.50'),
(2, 121, '35.00'),
(2, 124, '29.00'),
(2, 127, '29.99'),
(2, 129, '32.00'),
(2, 130, '44.50'),
(2, 132, '48.50'),
(2, 134, '54.50'),
(2, 136, '39.50'),
(2, 138, '65.00'),
(3, 24, '39.50'),
(3, 26, '25.50'),
(3, 31, '35.00'),
(3, 34, '21.00'),
(3, 35, '56.50'),
(3, 37, '20.00'),
(3, 40, '28.00'),
(3, 42, '26.00'),
(3, 43, '21.00'),
(3, 46, '20.50'),
(3, 48, '29.00'),
(3, 52, '26.00'),
(3, 56, '17.00'),
(3, 59, '24.00'),
(3, 62, '19.00'),
(3, 65, '26.00'),
(3, 66, '62.00'),
(3, 67, '56.50'),
(3, 69, '46.50'),
(3, 72, '26.00'),
(3, 75, '28.00'),
(3, 79, '48.00'),
(3, 81, '23.50'),
(3, 82, '43.50'),
(3, 84, '51.00'),
(3, 87, '22.00'),
(3, 89, '31.00'),
(3, 92, '24.50'),
(3, 94, '41.00'),
(3, 98, '32.00'),
(3, 102, '27.00'),
(3, 106, '22.00'),
(3, 109, '24.50'),
(3, 112, '30.00'),
(3, 114, '23.50'),
(3, 116, '36.00'),
(3, 119, '33.50'),
(3, 122, '34.00'),
(3, 124, '29.50'),
(3, 126, '39.00'),
(3, 129, '32.50'),
(3, 131, '38.00'),
(3, 133, '42.00'),
(3, 135, '48.00'),
(3, 137, '78.00'),
(4, 23, '20.00'),
(4, 25, '28.50'),
(4, 27, '19.50'),
(4, 29, '16.99'),
(4, 33, '21.00'),
(4, 36, '18.00'),
(4, 39, '15.50'),
(4, 42, '25.50'),
(4, 44, '14.50'),
(4, 47, '21.50'),
(4, 50, '18.00'),
(4, 52, '25.50'),
(4, 54, '15.50'),
(4, 56, '16.50'),
(4, 58, '17.50'),
(4, 61, '16.50'),
(4, 64, '38.50'),
(4, 68, '37.50'),
(4, 71, '12.00'),
(4, 73, '18.50'),
(4, 77, '24.00'),
(4, 80, '20.50'),
(4, 83, '19.50'),
(4, 85, '23.50'),
(4, 88, '22.50'),
(4, 90, '34.50'),
(4, 93, '27.50'),
(4, 95, '22.50'),
(4, 98, '31.50'),
(4, 100, '27.00'),
(4, 102, '26.50'),
(4, 104, '28.00'),
(4, 106, '21.50'),
(4, 108, '20.00'),
(4, 110, '25.50'),
(4, 113, '24.00'),
(4, 116, '35.50'),
(4, 118, '32.00'),
(4, 120, '32.00'),
(4, 123, '34.50'),
(4, 125, '26.50'),
(4, 127, '29.50'),
(4, 131, '37.50'),
(4, 135, '47.50'),
(4, 138, '64.50'),
(5, 25, '31.00'),
(5, 28, '19.20'),
(5, 31, '34.50'),
(5, 33, '20.50'),
(5, 35, '54.00'),
(5, 38, '20.50'),
(5, 40, '27.50'),
(5, 44, '15.20'),
(5, 46, '19.99'),
(5, 50, '17.50'),
(5, 54, '15.00'),
(5, 57, '13.80'),
(5, 60, '27.00'),
(5, 63, '17.00'),
(5, 71, '11.50'),
(5, 75, '27.50'),
(5, 77, '23.50'),
(5, 79, '47.50'),
(5, 87, '21.50'),
(5, 91, '20.50'),
(5, 96, '17.50'),
(5, 100, '26.50'),
(5, 104, '27.50'),
(5, 108, '19.50'),
(5, 112, '29.50'),
(5, 118, '31.50'),
(5, 122, '33.50'),
(5, 128, '26.50'),
(5, 133, '41.50'),
(5, 137, '74.00');

-- --------------------------------------------------------

--
-- Table structure for table `Products`
--

CREATE TABLE `Products` (
  `Product_No` int(11) NOT NULL,
  `Title` varchar(100) NOT NULL,
  `Category` varchar(50) NOT NULL,
  `Description` text DEFAULT NULL,
  `Brand` varchar(50) NOT NULL,
  `Image_URL` varchar(255) DEFAULT NULL
) ENGINE=InnoDB DEFAULT CHARSET=utf8mb4 COLLATE=utf8mb4_general_ci;

--
-- Dumping data for table `Products`
--

INSERT INTO `Products` (`Product_No`, `Title`, `Category`, `Description`, `Brand`, `Image_URL`) VALUES
(23, 'Oreo', 'Biscuits & Cookies', 'Classic chocolate sandwich cookies with a sweet creme filling.', 'Oreo', 'https://res.cloudinary.com/dlbhbt0c5/image/upload/v1748123773/Oreo_bxon4w.jpg'),
(24, 'Arnott\'s Monte Chocolate', 'Biscuits & Cookies', 'Delicious chocolate biscuits with a smooth creme filling.', 'Arnott\'s', 'https://res.cloudinary.com/dlbhbt0c5/image/upload/v1748123708/Arnotts_Monte_Chocolate_ss5wru.jpg'),
(25, 'Arnott\'s Shapes', 'Biscuits & Cookies', 'Flavourful baked crackers perfect for snacking.', 'Arnott\'s', 'https://res.cloudinary.com/dlbhbt0c5/image/upload/v1748123708/Arnotts_shapes_j8gacy.jpg'),
(26, 'Arnott\'s', 'Biscuits & Cookies', 'A classic biscuit from the Arnott\'s range.', 'Arnott\'s', 'https://res.cloudinary.com/dlbhbt0c5/image/upload/v1748123709/Arnott_s_tqbu5t.jpg'),
(27, 'Bakers Betta Snack Original', 'Biscuits & Cookies', 'Crispy, savoury original flavoured crackers.', 'Bakers', 'https://res.cloudinary.com/dlbhbt0c5/image/upload/v1748123710/Bakers_Betta_Snack_Original_rcu1ns.jpg'),
(28, 'Bakers Biscuit', 'Biscuits & Cookies', 'A traditional Bakers biscuit, versatile for any occasion.', 'Bakers', 'https://res.cloudinary.com/dlbhbt0c5/image/upload/v1748123710/Bakers_Biscuit_e6hqtc.jpg'),
(29, 'Bakers Tennis Mini', 'Biscuits & Cookies', 'Miniature coconut-flavoured biscuits, perfect for tea time.', 'Bakers', 'https://res.cloudinary.com/dlbhbt0c5/image/upload/v1748123710/Bakers_Tennis_Mini_xxoquu.jpg'),
(30, 'Bakers Mini-Cheddars', 'Biscuits & Cookies', 'Small, cheesy crackers ideal for a quick savoury snack.', 'Bakers', 'https://res.cloudinary.com/dlbhbt0c5/image/upload/v1748123711/BAKERS-MINI-CHEDDARS_qdlysi.jpg'),
(31, 'Eet-Sum-Mor Shortbread Biscuit', 'Biscuits & Cookies', 'Buttery shortbread biscuits, simply delicious.', 'Bakers', 'https://res.cloudinary.com/dlbhbt0c5/image/upload/v1748123737/Eet-Sum-Mor_Shortbread_Biscuits_txbkkd.jpg'),
(32, 'Big Oreo', 'Biscuits & Cookies', 'A larger version of the beloved Oreo sandwich cookie.', 'Oreo', 'https://res.cloudinary.com/dlbhbt0c5/image/upload/v1748123715/Big_Oreo_zcvsip.jpg'),
(33, 'Oreo Packet', 'Biscuits & Cookies', 'A convenient packet of classic Oreo cookies.', 'Oreo', 'https://res.cloudinary.com/dlbhbt0c5/image/upload/v1748123772/Oreo_Packet_rt8d6w.jpg'),
(34, 'Digestive Biscuits', 'Biscuits & Cookies', 'Wholesome digestive biscuits, great with a hot drink.', 'Generic/Various', 'https://res.cloudinary.com/dlbhbt0c5/image/upload/v1748129227/Digestive_Biscuits_sayvvw.jpg'),
(35, 'Montagu Dried Fruit & Nuts', 'Nuts & Seeds', 'A healthy mix of premium dried fruits and nuts.', 'Montagu', 'https://res.cloudinary.com/dlbhbt0c5/image/upload/v1748129240/Montagu_Dried_Fruit_Nuts_uooyzs.jpg'),
(36, 'Beacon Maynards Fruit Chews', 'Dried Fruits & Fruit Snacks', 'Soft and chewy fruit-flavored candies.', 'Beacon Maynards', 'https://res.cloudinary.com/dlbhbt0c5/image/upload/v1748123714/Beacon_Maynards_Fruit_Chews_dg37ua.jpg'),
(37, 'Beacon Maynards Fruit Jubes', 'Dried Fruits & Fruit Snacks', 'Sweet and juicy fruit-flavoured jubes.', 'Beacon Maynards', 'https://res.cloudinary.com/dlbhbt0c5/image/upload/v1748123714/Beacon_Maynards_Fruit_Chews_dg37ua.jpg'),
(38, 'Beacon Maynards Wine Gums', 'Dried Fruits & Fruit Snacks', 'Classic wine gum candies with distinct fruit flavors.', 'Beacon Maynards', 'https://res.cloudinary.com/dlbhbt0c5/image/upload/v1748123715/Beacon_Maynards_Wine_Gums_lw6ff4.png'),
(39, 'Fruit Pastilles', 'Dried Fruits & Fruit Snacks', 'Tangy and sweet fruit-flavoured pastilles.', 'Generic/Various', 'https://res.cloudinary.com/dlbhbt0c5/image/upload/v1748123741/Fruit_Pastilles_npvojx.jpg'),
(40, 'Dried Fruit BAR SAFARI', 'Dried Fruits & Fruit Snacks', 'A convenient and healthy dried fruit bar.', 'Safari', 'https://res.cloudinary.com/dlbhbt0c5/image/upload/v1748129232/Dried_Fruit_BAR_SAFARI_omsp5f.jpg'),
(41, 'Dried Fruit SAFARI', 'Dried Fruits & Fruit Snacks', 'High-quality dried fruit from the Safari brand.', 'Safari', 'https://res.cloudinary.com/dlbhbt0c5/image/upload/v1748129228/Dried_Fruit_SAFARI_gbs9ss.jpg'),
(42, 'Sun-Maid Raisins', 'Dried Fruits & Fruit Snacks', 'Sweet and plump sun-dried raisins.', 'Sun-Maid', 'https://res.cloudinary.com/dlbhbt0c5/image/upload/v1748129252/Sun-Maid_ons7sm.jpg'),
(43, 'Appletiser', 'Beverages', 'Sparkling apple juice, a refreshing and crisp drink.', 'Appletiser', 'https://res.cloudinary.com/dlbhbt0c5/image/upload/v1748123707/Appletiser_mu5iwu.jpg'),
(44, 'Coca-Cola', 'Beverages', 'The original taste of Coca-Cola, a classic carbonated soft drink.', 'Coca-Cola', 'https://res.cloudinary.com/dlbhbt0c5/image/upload/v1748123727/Coca-Cola_jumnou.jpg'),
(45, 'Gatorade', 'Beverages', 'A sports drink designed to rehydrate and replenish electrolytes.', 'Gatorade', 'https://res.cloudinary.com/dlbhbt0c5/image/upload/v1748123744/Gatorade_rbwabi.jpg'),
(46, 'Grapetiser', 'Beverages', 'Sparkling grape juice, a delicious and refreshing beverage.', 'Grapetiser', 'https://res.cloudinary.com/dlbhbt0c5/image/upload/v1748123747/Grapetiser_er93vc.jpg'),
(47, 'Liqui-Fruit', 'Beverages', 'Pure fruit juice, ideal for a natural refreshment.', 'Liqui-Fruit', 'https://res.cloudinary.com/dlbhbt0c5/image/upload/v1748123759/Liqui-Fruit_f0seks.jpg'),
(48, 'Milo', 'Beverages', 'Chocolate malt drink mix, great hot or cold.', 'Nestlé', 'https://res.cloudinary.com/dlbhbt0c5/image/upload/v1748123765/milo_ax7ib1.jpg'),
(49, 'Monster Energy', 'Beverages', 'An energizing drink to boost focus and performance.', 'Monster Energy', 'https://res.cloudinary.com/dlbhbt0c5/image/upload/v1748123766/Monster_Energy_xfoecg.jpg'),
(50, 'Oros', 'Beverages', 'A popular fruit-flavoured cordial, perfect for mixing.', 'Oros', 'https://res.cloudinary.com/dlbhbt0c5/image/upload/v1748123773/Oros_hj0wgf.jpg'),
(51, 'Pepsi', 'Beverages', 'A classic cola soft drink, bold and refreshing.', 'Pepsi', 'https://res.cloudinary.com/dlbhbt0c5/image/upload/v1748123774/Pepsi_rv8ym2.jpg'),
(52, 'Powerade', 'Beverages', 'Electrolyte-enhanced sports drink for optimal hydration.', 'Powerade', 'https://res.cloudinary.com/dlbhbt0c5/image/upload/v1748123776/Powerade_sqb8et.jpg'),
(53, 'Red Bull', 'Beverages', 'The original energy drink, giving you wings.', 'Red Bull', 'https://res.cloudinary.com/dlbhbt0c5/image/upload/v1748123786/Red_Bull_mpabqr.jpg'),
(54, 'Sprite', 'Beverages', 'A crisp, lemon-lime flavoured soft drink.', 'Sprite', 'https://res.cloudinary.com/dlbhbt0c5/image/upload/v1748123797/Sprite_zrdb7d.jpg'),
(55, 'Switch Energy Drink', 'Beverages', 'A vibrant energy drink for a quick pick-me-up.', 'Switch', 'https://res.cloudinary.com/dlbhbt0c5/image/upload/v1748123798/Switch_Energy_Drink_n1hcri.png'),
(56, 'Twist', 'Beverages', 'A refreshing fruit-flavoured soft drink.', 'Twist', 'https://res.cloudinary.com/dlbhbt0c5/image/upload/v1748123802/Twist_gcjqkp.jpg'),
(57, 'Valpre', 'Beverages', 'Natural spring water, pure and refreshing.', 'Valpre', 'https://res.cloudinary.com/dlbhbt0c5/image/upload/v1748123803/Valpre_z2pfcg.jpg'),
(58, 'Strawberry Fanta', 'Beverages', 'A sweet and fruity strawberry-flavoured Fanta.', 'Fanta', 'https://res.cloudinary.com/dlbhbt0c5/image/upload/v1748129251/Strawberry_Fanta_yiqdsq.jpg'),
(59, 'Strawberry Pineapple Juice', 'Beverages', 'A tropical blend of strawberry and pineapple juice.', 'Generic/Various', 'https://res.cloudinary.com/dlbhbt0c5/image/upload/v1748129251/Strawberry_pineapple_lagynb.jpg'),
(60, 'Score Energy', 'Beverages', 'An energy drink designed for intense performance and focus.', 'Score', 'https://res.cloudinary.com/dlbhbt0c5/image/upload/v1748129250/Score_Energy_ieaprp.jpg'),
(61, 'Mirinda Orange Soda', 'Beverages', 'A bold and bubbly orange-flavoured soda.', 'Mirinda', 'https://res.cloudinary.com/dlbhbt0c5/image/upload/v1748129239/Mirinda_Orange_Soda_ywjrpo.jpg'),
(62, 'Grape Fanta', 'Beverages', 'Sweet and tangy grape-flavoured Fanta.', 'Fanta', 'https://res.cloudinary.com/dlbhbt0c5/image/upload/v1748129233/Grape_Fanta_nibqjn.jpg'),
(63, 'Fanta Orange', 'Beverages', 'The classic orange-flavoured carbonated soft drink.', 'Fanta', 'https://res.cloudinary.com/dlbhbt0c5/image/upload/v1748129232/Fanta_Orange_eedsq8.jpg'),
(64, 'Prime Hydration Drink', 'Beverages', 'A popular hydration drink, often endorsed by influencers.', 'Prime', 'https://res.cloudinary.com/dlbhbt0c5/image/upload/v1748129246/Prime_ijtcgv.png'),
(65, 'Milka Alpine Milk', 'Dairy & Cheese Snacks', 'Smooth and creamy alpine milk chocolate bar.', 'Milka', 'https://res.cloudinary.com/dlbhbt0c5/image/upload/v1748123765/Milka_Alpine_Milk_nowjf7.jpg'),
(66, 'Krispy Kreme Assorted Doughnuts', 'Baked Goods', 'A selection of delicious and freshly made doughnuts.', 'Krispy Kreme', 'https://res.cloudinary.com/dlbhbt0c5/image/upload/v1748129236/Krispy_Kreme_Assorted_Doughnuts_3_Pack_lemcgi.jpg'),
(67, 'Krispy Kreme Original Glazed Doughnuts', 'Baked Goods', 'The iconic, melt-in-your-mouth original glazed doughnuts.', 'Krispy Kreme', 'https://res.cloudinary.com/dlbhbt0c5/image/upload/v1748129236/Krispy_Kreme_The_Original_Glazed_Doughnuts_3_Pack_dsmc0w.jpg'),
(68, 'Hostess Twinkies', 'Baked Goods', 'Golden sponge cake with a creamy filling.', 'Hostess', 'https://res.cloudinary.com/dlbhbt0c5/image/upload/v1748129235/Hostess_Twinkies_z4qyrb.jpg'),
(69, 'Cinnabon Pavilion', 'Baked Goods', 'World-famous cinnamon rolls with signature cream cheese frosting.', 'Cinnabon', 'https://res.cloudinary.com/dlbhbt0c5/image/upload/v1748129227/Cinnabon_Pavilion_bluz3j.jpg'),
(70, 'Aero Chocolate', 'Confectionery / Chocolate / Sweets', 'Light and bubbly milk chocolate.', 'Nestlé', 'https://res.cloudinary.com/dlbhbt0c5/image/upload/v1748123708/Areo_Chocolate_ml6pox.jpg'),
(71, 'Beacon Fizzers', 'Confectionery / Chocolate / Sweets', 'Fizzy and chewy candy sticks.', 'Beacon', 'https://res.cloudinary.com/dlbhbt0c5/image/upload/v1748123712/Beacon_Fizzers_p3ncrp.jpg'),
(72, 'Beacon Jelly Tots Chocolate', 'Confectionery / Chocolate / Sweets', 'Fruity jelly tots covered in smooth chocolate.', 'Beacon', 'https://res.cloudinary.com/dlbhbt0c5/image/upload/v1748123712/Beacon_Jelly_Tots_Chocolate_xkjyiz.jpg'),
(73, 'Beacon Jelly Tots', 'Confectionery / Chocolate / Sweets', 'Small, chewy, fruit-flavoured candies.', 'Beacon', 'https://res.cloudinary.com/dlbhbt0c5/image/upload/v1748123712/Beacon_Jelly_Tots_dqci5w.jpg'),
(74, 'Bounty', 'Confectionery / Chocolate / Sweets', 'Coconut filling enrobed in milk chocolate.', 'Mars', 'https://res.cloudinary.com/dlbhbt0c5/image/upload/v1748123717/Bounty_aaqfkp.jpg'),
(75, 'Cadbury 5 Star', 'Confectionery / Chocolate / Sweets', 'A unique combination of chocolate, caramel, and nougat.', 'Cadbury', 'https://res.cloudinary.com/dlbhbt0c5/image/upload/v1748123718/Cadbury_5_star_hgqwun.png'),
(76, 'Cadbury Crunchie Bar', 'Confectionery / Chocolate / Sweets', 'Honeycomb toffee covered in milk chocolate.', 'Cadbury', 'https://res.cloudinary.com/dlbhbt0c5/image/upload/v1748123720/Cadbury_Crunchie_Bar_fjsrhg.jpg'),
(77, 'Cadbury Dairy Milk', 'Confectionery / Chocolate / Sweets', 'Smooth and creamy milk chocolate.', 'Cadbury', 'https://res.cloudinary.com/dlbhbt0c5/image/upload/v1748123720/CadburyDairyMilk_iiyzfz.jpg'),
(78, 'Chomp', 'Confectionery / Chocolate / Sweets', 'A chewy caramel bar covered in chocolate.', 'Cadbury', 'https://res.cloudinary.com/dlbhbt0c5/image/upload/v1748123725/Chomp_kizq8o.png'),
(79, 'Ferrero Rocher', 'Confectionery / Chocolate / Sweets', 'Crisp hazelnut and chocolate sphere.', 'Ferrero', 'https://res.cloudinary.com/dlbhbt0c5/image/upload/v1748123738/Ferrero_Rocher_uhcpkv.jpg'),
(80, 'Flake', 'Confectionery / Chocolate / Sweets', 'Delicate, crumbly milk chocolate bar.', 'Cadbury', 'https://res.cloudinary.com/dlbhbt0c5/image/upload/v1748123739/flake_trrn4z.jpg'),
(81, 'Galaxy', 'Confectionery / Chocolate / Sweets', 'Smooth and creamy milk chocolate.', 'Mars', 'https://res.cloudinary.com/dlbhbt0c5/image/upload/v1748123744/Galaxy_gme60x.jpg'),
(82, 'Ghirardelli Squares', 'Confectionery / Chocolate / Sweets', 'Individually wrapped premium chocolate squares.', 'Ghirardelli', 'https://res.cloudinary.com/dlbhbt0c5/image/upload/v1748123745/Ghirardelli_Squares_mcpg3k.jpg'),
(83, 'Hershey\'s Kisses', 'Confectionery / Chocolate / Sweets', 'Iconic, bite-sized chocolate drops.', 'Hershey\'s', 'https://res.cloudinary.com/dlbhbt0c5/image/upload/v1748123747/Hershey_s_Kisses_sdmyug.jpg'),
(84, 'Lindt Lindor Truffles', 'Confectionery / Chocolate / Sweets', 'Decadent chocolate truffles with a smooth, melting filling.', 'Lindt', 'https://res.cloudinary.com/dlbhbt0c5/image/upload/v1748123758/Lindt_Lindor_Truffles_mwqfqm.jpg'),
(85, 'M&M\'s', 'Confectionery / Chocolate / Sweets', 'Colourful button-shaped chocolates.', 'Mars', 'https://res.cloudinary.com/dlbhbt0c5/image/upload/v1748123761/M_M_s_wuw81b.jpg'),
(86, 'Mars Bar', 'Confectionery / Chocolate / Sweets', 'Chocolate bar with nougat and caramel filling.', 'Mars', 'https://res.cloudinary.com/dlbhbt0c5/image/upload/v1748123764/Mars_Bar_ec2r1n.jpg'),
(87, 'Nestlé KitKat', 'Confectionery / Chocolate / Sweets', 'Crisp wafer finger covered in chocolate.', 'Nestlé', 'https://res.cloudinary.com/dlbhbt0c5/image/upload/v1748123769/Nestl%C3%A9_KitKat_o1ybd2.jpg'),
(88, 'Nestlé Tex', 'Confectionery / Chocolate / Sweets', 'A unique chocolate bar with aerated nougat and caramel.', 'Nestlé', 'https://res.cloudinary.com/dlbhbt0c5/image/upload/v1748123770/Nestl%C3%A9_Tex_vv5jtg.jpg'),
(89, 'Reese\'s Peanut Butter Cups', 'Confectionery / Chocolate / Sweets', 'Chocolate cups filled with creamy peanut butter.', 'Reese\'s', 'https://res.cloudinary.com/dlbhbt0c5/image/upload/v1748123786/Reese_s_Peanut_Butter_Cups_mrgosh.jpg'),
(90, 'Ritter Sport', 'Confectionery / Chocolate / Sweets', 'Square chocolate bar with various fillings.', 'Ritter Sport', 'https://res.cloudinary.com/dlbhbt0c5/image/upload/v1748123787/Ritter_Sport_h24ci5.jpg'),
(91, 'Smarties', 'Confectionery / Chocolate / Sweets', 'Colourful button-shaped chocolates with a crisp shell.', 'Nestlé', 'https://res.cloudinary.com/dlbhbt0c5/image/upload/v1748123792/smarties_n2lvfu.jpg'),
(92, 'Snickers', 'Confectionery / Chocolate / Sweets', 'Chocolate bar with nougat, caramel, and peanuts.', 'Mars', 'https://res.cloudinary.com/dlbhbt0c5/image/upload/v1748123794/Snickers_eeet7x.jpg'),
(93, 'Speckled Eggs', 'Confectionery / Chocolate / Sweets', 'Chocolate eggs with a colourful, speckled candy shell.', 'Generic/Various', 'https://res.cloudinary.com/dlbhbt0c5/image/upload/v1748123796/Speckled_Eggs_auka8i.jpg'),
(94, 'Toblerone', 'Confectionery / Chocolate / Sweets', 'Triangular chocolate bar with honey and almond nougat.', 'Mondelez International', 'https://res.cloudinary.com/dlbhbt0c5/image/upload/v1748123800/Toblerone_laumrj.jpg'),
(95, 'Twix', 'Confectionery / Chocolate / Sweets', 'Biscuit, caramel, and chocolate bar.', 'Mars', 'https://res.cloudinary.com/dlbhbt0c5/image/upload/v1748123803/Twix_ithepy.jpg'),
(96, 'Wilson\'s Toffees', 'Confectionery / Chocolate / Sweets', 'Rich and creamy classic toffees.', 'Wilson\'s', 'https://res.cloudinary.com/dlbhbt0c5/image/upload/v1748123804/Wilson_s_Toffees_bqy5vo.jpg'),
(97, 'Cheetos Crunchy', 'Savoury Snacks / Crisps', 'Crunchy cheese-flavoured snacks, irresistible.', 'Cheetos', 'https://res.cloudinary.com/dlbhbt0c5/image/upload/v1748123721/Cheetos_Crunchy_xuer4a.jpg'),
(98, 'Cheetos Flamin\' Hot Chipotle Ranch', 'Savoury Snacks / Crisps', 'Spicy and tangy chipotle ranch flavoured Cheetos.', 'Cheetos', 'https://res.cloudinary.com/dlbhbt0c5/image/upload/v1748123723/Cheetos_Flamin_Hot_Chipotle_Ranch_atcwvk.jpg'),
(99, 'Cheetos Flamin\' Hot', 'Savoury Snacks / Crisps', 'Intensely spicy and cheesy crunchy snacks.', 'Cheetos', 'https://res.cloudinary.com/dlbhbt0c5/image/upload/v1748123723/Cheetos_Flamin_Hot_dzgeyb.jpg'),
(100, 'Doritos BBQ', 'Savoury Snacks / Crisps', 'Tangy BBQ flavoured tortilla chips.', 'Doritos', 'https://res.cloudinary.com/dlbhbt0c5/image/upload/v1748123727/Doritos_BBQ_fmcrkl.jpg'),
(101, 'Doritos Blaze', 'Savoury Snacks / Crisps', 'Bold and fiery tortilla chips with a hot flavour.', 'Doritos', 'https://res.cloudinary.com/dlbhbt0c5/image/upload/v1748123729/Doritos_Blaze_rel2cp.jpg'),
(102, 'Doritos Nacho Cheese', 'Savoury Snacks / Crisps', 'Classic cheesy nacho-flavoured tortilla chips.', 'Doritos', 'https://res.cloudinary.com/dlbhbt0c5/image/upload/v1748123733/Doritos_Nacho_Cheese_df9bw1.jpg'),
(103, 'Doritos Salsa Verde', 'Savoury Snacks / Crisps', 'Zesty salsa verde flavoured tortilla chips.', 'Doritos', 'https://res.cloudinary.com/dlbhbt0c5/image/upload/v1748123734/Doritos_Salsa_Verde_za8sjz.jpg'),
(104, 'Doritos Spicy Sweet Chili', 'Savoury Snacks / Crisps', 'A balance of sweet and spicy in a crunchy tortilla chip.', 'Doritos', 'https://res.cloudinary.com/dlbhbt0c5/image/upload/v1748123735/Doritos_Spicy_Sweet_Chili_mdutjj.jpg'),
(105, 'Fritos Honey BBQ Corn', 'Savoury Snacks / Crisps', 'Crispy corn chips with a sweet and smoky honey BBQ flavour.', 'Fritos', 'https://res.cloudinary.com/dlbhbt0c5/image/upload/v1748123740/Fritos_Honey_Bbq_Corn_ywqwkv.jpg'),
(106, 'Lay\'s Barbecue', 'Savoury Snacks / Crisps', 'Classic potato chips with a smoky BBQ seasoning.', 'Lay\'s', 'https://res.cloudinary.com/dlbhbt0c5/image/upload/v1748123748/Lay_s_Barbecue_bz6bzh.jpg'),
(107, 'Lay\'s Cheddar & Sour Cream', 'Savoury Snacks / Crisps', 'Rich cheddar and tangy sour cream flavoured potato chips.', 'Lay\'s', 'https://res.cloudinary.com/dlbhbt0c5/image/upload/v1748123749/Lay_s_Cheddar_Sour_Cream_q3jydf.jpg'),
(108, 'Lay\'s Classic', 'Savoury Snacks / Crisps', 'Original salted potato chips, simply delicious.', 'Lay\'s', 'https://res.cloudinary.com/dlbhbt0c5/image/upload/v1748123751/Lay_s_Classic_f3j6lh.jpg'),
(109, 'Lay\'s Dill Pickle', 'Savoury Snacks / Crisps', 'Tangy dill pickle flavoured potato chips.', 'Lay\'s', 'https://res.cloudinary.com/dlbhbt0c5/image/upload/v1748123752/Lay_s_Dill_Pickle_apkdh0.jpg'),
(110, 'Lay\'s Flamin\' Hot', 'Savoury Snacks / Crisps', 'Fiery hot and spicy potato chips.', 'Lay\'s', 'https://res.cloudinary.com/dlbhbt0c5/image/upload/v1748123752/Lay_s_Flamin_Hot_itelxz.jpg'),
(111, 'Lay\'s Honey Barbecue', 'Savoury Snacks / Crisps', 'Sweet and smoky honey BBQ potato chips.', 'Lay\'s', 'https://res.cloudinary.com/dlbhbt0c5/image/upload/v1748123753/Lay_s_Honey_Barbecue_lyspxf.jpg'),
(112, 'Lay\'s Kettle Cooked Jalapeño', 'Savoury Snacks / Crisps', 'Thick-cut, kettle-cooked chips with a spicy jalapeño kick.', 'Lay\'s', 'https://res.cloudinary.com/dlbhbt0c5/image/upload/v1748123755/Lay_s_Kettle_Cooked_Jalape%C3%B1o_sctbh6.jpg'),
(113, 'Lay\'s Salt & Vinegar', 'Savoury Snacks / Crisps', 'Classic salt and vinegar flavoured potato chips.', 'Lay\'s', 'https://res.cloudinary.com/dlbhbt0c5/image/upload/v1748123756/Lay_s_Salt_Vinegar_lrmw4a.jpg'),
(114, 'Lay\'s Sour Cream & Onion', 'Savoury Snacks / Crisps', 'Creamy sour cream and savory onion flavoured potato chips.', 'Lay\'s', 'https://res.cloudinary.com/dlbhbt0c5/image/upload/v1748123757/Lay_s_Sour_jx8kyj.jpg'),
(115, 'Pringles BBQ', 'Savoury Snacks / Crisps', 'Stackable potato crisps with a smoky BBQ flavour.', 'Pringles', 'https://res.cloudinary.com/dlbhbt0c5/image/upload/v1748123777/Pringles_BBQ_sgpryg.jpg'),
(116, 'Pringles Buffalo Ranch', 'Savoury Snacks / Crisps', 'Spicy buffalo and creamy ranch flavoured potato crisps.', 'Pringles', 'https://res.cloudinary.com/dlbhbt0c5/image/upload/v1748123778/Pringles_Buffalo_Ranch_ftsdkm.jpg'),
(117, 'Pringles Cheddar Cheese', 'Savoury Snacks / Crisps', 'Cheesy cheddar flavoured potato crisps.', 'Pringles', 'https://res.cloudinary.com/dlbhbt0c5/image/upload/v1748123779/Pringles_Cheddar_Cheese_i4aze8.jpg'),
(118, 'Pringles Jalapeño', 'Savoury Snacks / Crisps', 'Spicy jalapeño flavoured potato crisps.', 'Pringles', 'https://res.cloudinary.com/dlbhbt0c5/image/upload/v1748123780/Pringles_Jalape%C3%B1o_xql4tf.jpg'),
(119, 'Pringles Onion', 'Savoury Snacks / Crisps', 'Classic onion flavoured potato crisps.', 'Pringles', 'https://res.cloudinary.com/dlbhbt0c5/image/upload/v1748123781/Pringles_Onion_rqxvnz.jpg'),
(120, 'Pringles Original', 'Savoury Snacks / Crisps', 'The classic, original salted potato crisps.', 'Pringles', 'https://res.cloudinary.com/dlbhbt0c5/image/upload/v1748123782/Pringles_Original_rctt8n.jpg'),
(121, 'Pringles Pizza', 'Savoury Snacks / Crisps', 'Pizza-flavoured potato crisps, a taste of Italy.', 'Pringles', 'https://res.cloudinary.com/dlbhbt0c5/image/upload/v1748123783/Pringles_Pizza_lhc1mb.jpg'),
(122, 'Pringles Ranch', 'Savoury Snacks / Crisps', 'Creamy ranch flavoured potato crisps.', 'Pringles', 'https://res.cloudinary.com/dlbhbt0c5/image/upload/v1748123783/Pringles_Ranch_rgxj4c.jpg'),
(123, 'Pringles Salt & Vinegar', 'Savoury Snacks / Crisps', 'Sharp and tangy salt and vinegar flavoured potato crisps.', 'Pringles', 'https://res.cloudinary.com/dlbhbt0c5/image/upload/v1748123786/Pringles_Salt_Vinegar_akbpn3.jpg'),
(124, 'Ruffles Cheddar & Sour Cream', 'Savoury Snacks / Crisps', 'Wavy potato chips with a rich cheddar and sour cream flavour.', 'Ruffles', 'https://res.cloudinary.com/dlbhbt0c5/image/upload/v1748123789/Ruffles_Cheddar_Sour_Cream_dwdjm4.jpg'),
(125, 'Ruffles Original', 'Savoury Snacks / Crisps', 'Classic wavy potato chips, perfectly salted.', 'Ruffles', 'https://res.cloudinary.com/dlbhbt0c5/image/upload/v1748123790/Ruffles_Original_ubmtp9.jpg'),
(126, 'Clif Bar', 'Health/Wellness/Protein Bars', 'A hearty energy bar for sustained energy.', 'Clif Bar', 'https://res.cloudinary.com/dlbhbt0c5/image/upload/v1748123726/Clif_Bar_mpvtfp.jpg'),
(127, 'FutureLife Bar', 'Health/Wellness/Protein Bars', 'Nutritionally balanced bar for health and vitality.', 'FutureLife', 'https://res.cloudinary.com/dlbhbt0c5/image/upload/v1748123742/FutureLife_bar_imtjcd.png'),
(128, 'Nature Valley', 'Health/Wellness/Protein Bars', 'Crunchy granola bars, a wholesome snack for on-the-go.', 'Nature Valley', 'https://res.cloudinary.com/dlbhbt0c5/image/upload/v1748123769/Nature_Valley_qsp71d.jpg'),
(129, 'Snickers Protein', 'Health/Wellness/Protein Bars', 'High-protein version of the classic Snickers bar.', 'Mars', 'https://res.cloudinary.com/dlbhbt0c5/image/upload/v1748123793/Snickers_Protein_a8s5s4.jpg'),
(130, 'Trust Crunch Bars USN', 'Health/Wellness/Protein Bars', 'Crunchy protein bar for muscle recovery and energy.', 'USN', 'https://res.cloudinary.com/dlbhbt0c5/image/upload/v1748129255/Trust_Crunch_Bars_USN_ekirxz.jpg'),
(131, 'Sante Crunchy Chocolate Coated With Nut And Almond Muesli Bar', 'Health/Wellness/Protein Bars', 'A crunchy muesli bar coated in chocolate with nuts and almonds.', 'Sante', 'https://res.cloudinary.com/dlbhbt0c5/image/upload/v1748129250/Sante_Crunchy_Chocolate_Coated_With_Nut_And_Almond_Muesli_Bar_t85ioc.jpg'),
(132, 'Quest Nutrition Bar', 'Health/Wellness/Protein Bars', 'High-protein, low-carb bar for fitness enthusiasts.', 'Quest Nutrition', 'https://res.cloudinary.com/dlbhbt0c5/image/upload/v1748129246/Quest_Nutrition_kscmxz.jpg'),
(133, 'RxBar', 'Health/Wellness/Protein Bars', 'Whole food protein bar with simple, real ingredients.', 'RxBar', 'https://res.cloudinary.com/dlbhbt0c5/image/upload/v1748129247/RxBar_acmd3y.jpg'),
(134, 'Nutritech Whey Vitamins Minerals Protein Bar', 'Health/Wellness/Protein Bars', 'A comprehensive protein bar with added vitamins and minerals.', 'Nutritech', 'https://res.cloudinary.com/dlbhbt0c5/image/upload/v1748129246/Nutritech_Whey_Vitamins_Minerals_Protein_Bar_ckmdbp.webp'),
(135, 'Nutritech Whey Protein Peanut Butter', 'Health/Wellness/Protein Bars', 'A high-protein peanut butter spread for healthy snacking.', 'Nutritech', 'https://res.cloudinary.com/dlbhbt0c5/image/upload/v1748129244/Nutritech_-_Whey_Protein_Peanut_Butter_c4uoqa.jpg'),
(136, 'Nutritech Raw Energy Bar Blueberry Almond', 'Health/Wellness/Protein Bars', 'A natural energy bar packed with blueberries and almonds.', 'Nutritech', 'https://res.cloudinary.com/dlbhbt0c5/image/upload/v1748129242/Nutritech_-_Raw_Energy_Bar_Blueberry_Almond_jb4izk.jpg'),
(137, 'Biltong', 'Meat Snacks', 'Traditional South African dried cured meat.', 'Generic/Various', 'https://res.cloudinary.com/dlbhbt0c5/image/upload/v1748123717/Biltong_f2l6fw.jpg'),
(138, 'Droëwors', 'Meat Snacks', 'Traditional South African dried sausage sticks.', 'Generic/Various', 'https://res.cloudinary.com/dlbhbt0c5/image/upload/v1748123737/Dro%C3%ABwors_e5ri0d.jpg');

-- --------------------------------------------------------

--
-- Table structure for table `Retailers`
--

CREATE TABLE `Retailers` (
  `Retailer_ID` int(11) NOT NULL,
  `Name` varchar(100) NOT NULL,
  `Phy_Address` text DEFAULT NULL
) ENGINE=InnoDB DEFAULT CHARSET=utf8mb4 COLLATE=utf8mb4_general_ci;

--
-- Dumping data for table `Retailers`
--

INSERT INTO `Retailers` (`Retailer_ID`, `Name`, `Phy_Address`) VALUES
(1, 'Pick n Pay', '101 Main Road, Rondebosch, Cape Town, 7700'),
(2, 'Checkers', '45 Nelson Mandela Square, Sandton, Johannesburg, 2196'),
(3, 'Woolworths', 'Victoria & Alfred Waterfront, Cape Town, 8001'),
(4, 'Shoprite', '123 Mitchell Street, Sunnyside, Pretoria, 0002'),
(5, 'Spar', '78 Marine Drive, Durban, 4001'),
(7, 'Target', ''),
(8, 'Walmart', '');

-- --------------------------------------------------------

--
-- Table structure for table `Reviews`
--

CREATE TABLE `Reviews` (
  `Review_ID` int(11) NOT NULL,
  `Date` datetime NOT NULL DEFAULT current_timestamp(),
  `Rating` tinyint(1) NOT NULL CHECK (`Rating` between 1 and 5),
  `review_text` varchar(500) NOT NULL,
  `Prod_ID` int(11) NOT NULL,
  `U_ID` int(11) NOT NULL
) ENGINE=InnoDB DEFAULT CHARSET=utf8mb4 COLLATE=utf8mb4_general_ci;

--
-- Dumping data for table `Reviews`
--

INSERT INTO `Reviews` (`Review_ID`, `Date`, `Rating`, `review_text`, `Prod_ID`, `U_ID`) VALUES
(42, '2025-05-25 02:29:37', 5, 'Absolutely love these classic chocolate sandwich cookies! Perfect with milk.', 23, 18),
(43, '2025-05-25 02:29:37', 4, 'A timeless snack, though sometimes a bit too sweet for my taste.', 23, 20),
(44, '2025-05-25 02:29:37', 4, 'Monte is my go-to for a chocolate biscuit treat. Always fresh!', 24, 19),
(45, '2025-05-25 02:29:37', 5, 'The best chocolate biscuits, perfect for dipping in coffee.', 24, 21),
(46, '2025-05-25 02:29:37', 5, 'Arnott\'s Shapes are incredibly flavourful, great for parties.', 25, 22),
(47, '2025-05-25 02:29:37', 4, 'Good crunch and seasoning, but some flavours are better than others.', 25, 23),
(48, '2025-05-25 02:29:37', 3, 'A standard biscuit, nothing extraordinary but gets the job done.', 26, 24),
(49, '2025-05-25 02:29:37', 4, 'Simple and reliable, a good staple for the pantry.', 26, 25),
(50, '2025-05-25 02:29:37', 5, 'Bakers Betta Snack Original are so crispy and addictive. Love them!', 27, 27),
(51, '2025-05-25 02:29:37', 4, 'Great for cheese and crackers, always a hit.', 27, 29),
(52, '2025-05-25 02:29:37', 4, 'A nice, plain biscuit that pairs well with anything. Good quality.', 28, 30),
(53, '2025-05-25 02:29:37', 3, 'Decent biscuit, but I prefer something with more flavour.', 28, 33),
(54, '2025-05-25 02:29:37', 5, 'Bakers Tennis Minis are adorable and delicious, perfect for kids.', 29, 34),
(55, '2025-05-25 02:29:37', 4, 'Sweet coconut flavour, great for a quick snack on the go.', 29, 35),
(56, '2025-05-25 02:29:37', 5, 'These Mini-Cheddars are packed with cheesy flavour, ideal for lunchboxes.', 30, 36),
(57, '2025-05-25 02:29:37', 4, 'Crunchy and satisfying, a great savoury bite.', 30, 37),
(58, '2025-05-25 02:29:37', 5, 'Eet-Sum-Mor shortbread is simply divine, melts in your mouth!', 31, 16),
(59, '2025-05-25 02:29:37', 5, 'A buttery classic, always a favourite in our household.', 31, 17),
(60, '2025-05-25 02:29:37', 4, 'Big Oreo is a fun treat, especially when you want extra cookie!', 32, 18),
(61, '2025-05-25 02:29:37', 3, 'A bit too much for a single serving, but still tasty.', 32, 19),
(62, '2025-05-25 02:29:37', 5, 'Convenient Oreo packet, perfect for sharing or individual portions.', 33, 20),
(63, '2025-05-25 02:29:37', 4, 'Easy to grab and go, same great Oreo taste.', 33, 21),
(64, '2025-05-25 02:29:37', 4, 'Good, wholesome digestive biscuits. Great with tea or coffee.', 34, 22),
(65, '2025-05-25 02:29:37', 3, 'Standard digestive, nothing special but does the job.', 34, 23),
(66, '2025-05-25 02:29:37', 5, 'Montagu Dried Fruit & Nuts mix is fantastic, fresh and high quality.', 35, 24),
(67, '2025-05-25 02:29:37', 5, 'A perfect blend of sweet and savoury, great for energy.', 35, 25),
(68, '2025-05-25 02:29:37', 4, 'Beacon Maynards Fruit Chews are so soft and bursting with fruit flavour.', 36, 27),
(69, '2025-05-25 02:29:37', 3, 'A bit too sweet for me, but the texture is nice.', 36, 29),
(70, '2025-05-25 02:29:37', 4, 'Maynards Fruit Jubes are chewy and delicious, a good sweet fix.', 37, 30),
(71, '2025-05-25 02:29:37', 4, 'Love the different fruit flavours in these jubes.', 37, 33),
(72, '2025-05-25 02:29:37', 5, 'Beacon Maynards Wine Gums are a classic for a reason, so chewy and flavourful.', 38, 34),
(73, '2025-05-25 02:29:37', 4, 'Always a great candy option, never disappoints.', 38, 35),
(74, '2025-05-25 02:29:37', 3, 'Fruit Pastilles are okay, but I prefer other fruit candies.', 39, 36),
(75, '2025-05-25 02:29:37', 4, 'Tangy and sweet, a nice little treat.', 39, 37),
(76, '2025-05-25 02:29:37', 5, 'Safari Dried Fruit Bar is a healthy and convenient snack for busy days.', 40, 16),
(77, '2025-05-25 02:29:37', 4, 'Good source of natural energy, tastes great.', 40, 17),
(78, '2025-05-25 02:29:37', 5, 'Safari Dried Fruit is always top quality, plump and delicious.', 41, 18),
(79, '2025-05-25 02:29:37', 4, 'Reliable and fresh, excellent for baking or snacking.', 41, 19),
(80, '2025-05-25 02:29:37', 4, 'Sun-Maid Raisins are consistently good, perfect for cereals or just snacking.', 42, 20),
(81, '2025-05-25 02:29:37', 5, 'Sweet and natural, a healthy addition to any meal.', 42, 21),
(82, '2025-05-25 02:29:37', 5, 'Appletiser is my favourite sparkling juice, so crisp and refreshing!', 43, 22),
(83, '2025-05-25 02:29:37', 5, 'Perfect for a hot day, always hits the spot.', 43, 23),
(84, '2025-05-25 02:29:37', 4, 'Coca-Cola is a classic, can\'t go wrong with it.', 44, 24),
(85, '2025-05-25 02:29:37', 4, 'Great for a fizzy drink, but I try not to have it too often.', 44, 25),
(86, '2025-05-25 02:29:37', 5, 'Gatorade really helps with rehydration after a workout. Essential!', 45, 27),
(87, '2025-05-25 02:29:37', 4, 'Good for sports, but the flavours can be a bit intense.', 45, 29),
(88, '2025-05-25 02:29:37', 5, 'Grapetiser is a delightful sparkling grape juice, very elegant.', 46, 30),
(89, '2025-05-25 02:29:37', 4, 'A nice alternative to regular soft drinks, very refreshing.', 46, 33),
(90, '2025-05-25 02:29:37', 5, 'Liqui-Fruit is always a good choice for pure fruit juice, love the variety.', 47, 34),
(91, '2025-05-25 02:29:37', 4, 'Healthy and delicious, a staple in my fridge.', 47, 35),
(92, '2025-05-25 02:29:37', 5, 'Milo is the ultimate comfort drink, especially hot with milk.', 48, 36),
(93, '2025-05-25 02:29:37', 4, 'Great chocolate malt flavour, good for energy.', 48, 37),
(94, '2025-05-25 02:29:37', 4, 'Monster Energy gives a good kick when you need to focus.', 49, 16),
(95, '2025-05-25 02:29:37', 3, 'A bit too strong for me, but it definitely works.', 49, 17),
(96, '2025-05-25 02:29:37', 5, 'Oros is a childhood favourite, perfect for mixing with water.', 50, 18),
(97, '2025-05-25 02:29:37', 4, 'So versatile and full of flavour, a South African classic.', 50, 19),
(98, '2025-05-25 02:29:37', 4, 'Pepsi is a solid cola option, always refreshing.', 51, 20),
(99, '2025-05-25 02:29:37', 3, 'I prefer Coke, but Pepsi is a decent alternative.', 51, 21),
(100, '2025-05-25 02:29:37', 5, 'Powerade is excellent for recovery after intense exercise.', 52, 22),
(101, '2025-05-25 02:29:37', 4, 'Good for hydration, helps me push through tough workouts.', 52, 23),
(102, '2025-05-25 02:29:37', 5, 'Red Bull gives you wings! Great for long nights studying.', 53, 24),
(103, '2025-05-25 02:29:37', 4, 'Effective energy boost, but the taste isn\'t for everyone.', 53, 25),
(104, '2025-05-25 02:29:37', 4, 'Sprite is a crisp and clean lemon-lime soda, very refreshing.', 54, 27),
(105, '2025-05-25 02:29:37', 3, 'Nice and light, good on a hot day.', 54, 29),
(106, '2025-05-25 02:29:37', 5, 'Switch Energy Drink has great flavours and provides a good energy boost.', 55, 30),
(107, '2025-05-25 02:29:37', 4, 'Reliable energy drink, good for a quick pick-me-up.', 55, 33),
(108, '2025-05-25 02:29:37', 4, 'Twist is a nice fruity drink, especially the orange flavour.', 56, 34),
(109, '2025-05-25 02:29:37', 3, 'Decent flavour, but I prefer other fruit juices.', 56, 35),
(110, '2025-05-25 02:29:37', 5, 'Valpre water is always pure and refreshing, my preferred bottled water.', 57, 36),
(111, '2025-05-25 02:29:37', 4, 'Clean taste, good for staying hydrated.', 57, 37),
(112, '2025-05-25 02:29:37', 4, 'Strawberry Fanta is a fun, fruity twist on the classic soda.', 58, 16),
(113, '2025-05-25 02:29:37', 3, 'A bit too sweet for my liking, but the strawberry flavour is prominent.', 58, 17),
(114, '2025-05-25 02:29:37', 5, 'Strawberry Pineapple Juice is a delicious tropical blend, so refreshing!', 59, 18),
(115, '2025-05-25 02:29:37', 4, 'Great for smoothies or just a glass on its own.', 59, 19),
(116, '2025-05-25 02:29:37', 4, 'Score Energy provides a decent energy kick without being too overpowering.', 60, 20),
(117, '2025-05-25 02:29:37', 3, 'Okay energy drink, but there are better options out there.', 60, 21),
(118, '2025-05-25 02:29:37', 4, 'Mirinda Orange Soda is a vibrant and bubbly orange drink.', 61, 22),
(119, '2025-05-25 02:29:37', 3, 'A bit too artificial tasting for me, but kids love it.', 61, 23),
(120, '2025-05-25 02:29:37', 5, 'Grape Fanta is surprisingly good, a sweet and tangy treat.', 62, 24),
(121, '2025-05-25 02:29:37', 4, 'Unique flavour for a Fanta, enjoyable.', 62, 25),
(122, '2025-05-25 02:29:37', 5, 'Fanta Orange is a classic, always a refreshing choice.', 63, 27),
(123, '2025-05-25 02:29:37', 4, 'The original Fanta, can\'t go wrong with it.', 63, 29),
(124, '2025-05-25 02:29:37', 4, 'Prime Hydration Drink is popular, and it does help with hydration after exercise.', 64, 30),
(125, '2025-05-25 02:29:37', 3, 'Overpriced for what it is, but the flavours are interesting.', 64, 33),
(126, '2025-05-25 02:29:37', 5, 'Milka Alpine Milk chocolate is incredibly smooth and creamy, a true delight.', 65, 34),
(127, '2025-05-25 02:29:37', 4, 'A very good quality milk chocolate, always a satisfying treat.', 65, 35),
(128, '2025-05-25 02:29:37', 5, 'Krispy Kreme Assorted Doughnuts are always a fantastic treat, so soft and fresh.', 66, 36),
(129, '2025-05-25 02:29:37', 5, 'The best doughnuts around, perfect for sharing.', 66, 37),
(130, '2025-05-25 02:29:37', 5, 'Krispy Kreme Original Glazed Doughnuts are iconic for a reason, simply perfect.', 67, 16),
(131, '2025-05-25 02:29:37', 5, 'Melt in your mouth deliciousness, a must-have.', 67, 17),
(132, '2025-05-25 02:29:37', 4, 'Hostess Twinkies are a fun, nostalgic snack, sweet and creamy.', 68, 18),
(133, '2025-05-25 02:29:37', 3, 'A bit too artificial for my taste, but the kids enjoy them.', 68, 19),
(134, '2025-05-25 02:29:37', 5, 'Cinnabon rolls are heavenly, especially warm with that frosting!', 69, 20),
(135, '2025-05-25 02:29:37', 5, 'The ultimate cinnamon roll experience, so rich and satisfying.', 69, 21),
(136, '2025-05-25 02:29:37', 4, 'Aero Chocolate is light and airy, a nice bubbly texture.', 70, 22),
(137, '2025-05-25 02:29:37', 3, 'Decent chocolate, but I prefer a more solid bar.', 70, 23),
(138, '2025-05-25 02:29:37', 4, 'Beacon Fizzers are a fun, tangy candy, great for a quick burst of flavour.', 71, 24),
(139, '2025-05-25 02:29:37', 3, 'A bit too sour for me, but the fizz is fun.', 71, 25),
(140, '2025-05-25 02:29:37', 4, 'Beacon Jelly Tots Chocolate are a nice combination of fruit and chocolate.', 72, 27),
(141, '2025-05-25 02:29:37', 3, 'The chocolate coating is good, but the jelly tots are a bit too sweet.', 72, 29),
(142, '2025-05-25 02:29:37', 5, 'Beacon Jelly Tots are classic, chewy, and full of fruity flavour.', 73, 30),
(143, '2025-05-25 02:29:37', 4, 'A good sweet treat, always reminds me of childhood.', 73, 33),
(144, '2025-05-25 02:29:37', 4, 'Bounty is a good choice if you love coconut and chocolate.', 74, 34),
(145, '2025-05-25 02:29:37', 3, 'Too much coconut for me, but the chocolate is nice.', 74, 35),
(146, '2025-05-25 02:29:37', 4, 'Cadbury 5 Star is a unique chocolate bar with a great texture combo.', 75, 36),
(147, '2025-05-25 02:29:37', 3, 'Interesting, but not my favourite Cadbury bar.', 75, 37),
(148, '2025-05-25 02:29:37', 5, 'Cadbury Crunchie Bar is perfect with its crispy honeycomb and chocolate.', 76, 16),
(149, '2025-05-25 02:29:37', 4, 'Love the crunch, a classic chocolate bar.', 76, 17),
(150, '2025-05-25 02:29:37', 5, 'Cadbury Dairy Milk is the ultimate comfort chocolate, so smooth and creamy.', 77, 18),
(151, '2025-05-25 02:29:37', 5, 'A truly iconic chocolate, always a winner.', 77, 19),
(152, '2025-05-25 02:29:37', 4, 'Chomp is a fun, chewy caramel bar, great for a quick snack.', 78, 20),
(153, '2025-05-25 02:29:37', 3, 'A bit small, but good for a little something sweet.', 78, 21),
(154, '2025-05-25 02:29:37', 5, 'Ferrero Rocher are elegant and delicious, perfect for a special treat.', 79, 22),
(155, '2025-05-25 02:29:37', 5, 'Hazelnut and chocolate perfection, always a favourite.', 79, 23),
(156, '2025-05-25 02:29:37', 5, 'Flake is uniquely crumbly and delicious, great on ice cream.', 80, 24),
(157, '2025-05-25 02:29:37', 4, 'A messy but enjoyable chocolate bar.', 80, 25),
(158, '2025-05-25 02:29:37', 4, 'Galaxy chocolate is incredibly smooth, a real indulgence.', 81, 27),
(159, '2025-05-25 02:29:37', 5, 'One of the smoothest chocolates out there, love it.', 81, 29),
(160, '2025-05-25 02:29:37', 5, 'Ghirardelli Squares are premium quality, rich and satisfying.', 82, 30),
(161, '2025-05-25 02:29:37', 4, 'Great for a small, luxurious chocolate moment.', 82, 33),
(162, '2025-05-25 02:29:37', 4, 'Hershey\'s Kisses are cute and classic, good for a little chocolate fix.', 83, 34),
(163, '2025-05-25 02:29:37', 3, 'A bit too waxy for me, but the milk chocolate is fine.', 83, 35),
(164, '2025-05-25 02:29:37', 5, 'Lindt Lindor Truffles are pure bliss, so creamy and decadent.', 84, 36),
(165, '2025-05-25 02:29:37', 5, 'The melting centre is incredible, worth every penny.', 84, 37),
(166, '2025-05-25 02:29:37', 4, 'M&M\'s are a fun, colourful chocolate, great for movies.', 85, 16),
(167, '2025-05-25 02:29:37', 3, 'Good for sharing, but I prefer other chocolates.', 85, 17),
(168, '2025-05-25 02:29:37', 4, 'Mars Bar is a satisfying chocolate bar with good filling.', 86, 18),
(169, '2025-05-25 02:29:37', 3, 'A bit too much caramel for me, but still a decent snack.', 86, 19),
(170, '2025-05-25 02:29:37', 5, 'Nestlé KitKat is a classic for a reason, perfect break time treat.', 87, 20),
(171, '2025-05-25 02:29:37', 4, 'Love the wafer crunch, always a good choice.', 87, 21),
(172, '2025-05-25 02:29:37', 4, 'Nestlé Tex has a unique texture, very enjoyable.', 88, 22),
(173, '2025-05-25 02:29:37', 3, 'Interesting, but not my top choice for a chocolate bar.', 88, 23),
(174, '2025-05-25 02:29:37', 5, 'Reese\'s Peanut Butter Cups are the perfect combo of peanut butter and chocolate.', 89, 24),
(175, '2025-05-25 02:29:37', 5, 'Absolutely addictive, a must-have for peanut butter lovers.', 89, 25),
(176, '2025-05-25 02:29:37', 4, 'Ritter Sport offers great variety and good quality chocolate.', 90, 27),
(177, '2025-05-25 02:29:37', 4, 'Love the square shape and different fillings.', 90, 29),
(178, '2025-05-25 02:29:37', 5, 'Smarties are a fun, colourful candy, great for kids and adults.', 91, 30),
(179, '2025-05-25 02:29:37', 4, 'Classic sweet treat, always enjoyable.', 91, 33),
(180, '2025-05-25 02:29:37', 5, 'Snickers is a satisfying chocolate bar, packed with nuts and caramel.', 92, 34),
(181, '2025-05-25 02:29:37', 4, 'Good for a quick energy boost, very filling.', 92, 35),
(182, '2025-05-25 02:29:37', 4, 'Speckled Eggs are a fun, festive treat, especially around Easter.', 93, 36),
(183, '2025-05-25 02:29:37', 3, 'Cute, but the chocolate isn\'t the best quality.', 93, 37),
(184, '2025-05-25 02:29:37', 5, 'Toblerone is a unique and delicious chocolate, love the nougat.', 94, 16),
(185, '2025-05-25 02:29:37', 4, 'A great gift and a tasty treat.', 94, 17),
(186, '2025-05-25 02:29:37', 5, 'Twix is a perfect combination of biscuit, caramel, and chocolate.', 95, 18),
(187, '2025-05-25 02:29:37', 4, 'Love the crunch and chewiness, always a good snack.', 95, 19),
(188, '2025-05-25 02:29:37', 4, 'Wilson\'s Toffees are rich and chewy, a classic sweet.', 96, 20),
(189, '2025-05-25 02:29:37', 3, 'A bit too sticky for my teeth, but the flavour is good.', 96, 21),
(190, '2025-05-25 02:29:37', 5, 'Cheetos Crunchy are incredibly cheesy and addictive, a perfect snack.', 97, 22),
(191, '2025-05-25 02:29:37', 4, 'Can\'t stop once I start, so much cheese flavour!', 97, 23),
(192, '2025-05-25 02:29:37', 5, 'Cheetos Flamin\' Hot Chipotle Ranch are a spicy and tangy explosion of flavour!', 98, 24),
(193, '2025-05-25 02:29:37', 4, 'Great heat, but the ranch flavour balances it out.', 98, 25),
(194, '2025-05-25 02:29:37', 5, 'Cheetos Flamin\' Hot are my ultimate spicy snack, so good!', 99, 27),
(195, '2025-05-25 02:29:37', 4, 'Intense heat and cheesy goodness, a winning combo.', 99, 29),
(196, '2025-05-25 02:29:37', 4, 'Doritos BBQ has a great smoky flavour, perfect for dipping.', 100, 30),
(197, '2025-05-25 02:29:37', 3, 'Decent BBQ flavour, but I prefer Nacho Cheese.', 100, 33),
(198, '2025-05-25 02:29:37', 5, 'Doritos Blaze delivers a fantastic fiery kick, love the heat!', 101, 34),
(199, '2025-05-25 02:29:37', 4, 'Definitely lives up to its name, very bold flavour.', 101, 35),
(200, '2025-05-25 02:29:37', 5, 'Doritos Nacho Cheese is the classic, cheesy goodness I always crave.', 102, 36),
(201, '2025-05-25 02:29:37', 5, 'The best Doritos flavour, always a crowd-pleaser.', 102, 37),
(202, '2025-05-25 02:29:37', 4, 'Doritos Salsa Verde is a nice zesty alternative, refreshing.', 103, 16),
(203, '2025-05-25 02:29:37', 3, 'Good flavour, but I prefer the spicier options.', 103, 17),
(204, '2025-05-25 02:29:37', 5, 'Doritos Spicy Sweet Chili is a perfect balance of sweet and heat.', 104, 18),
(205, '2025-05-25 02:29:37', 4, 'Unique and delicious, one of my favourite Doritos.', 104, 19),
(206, '2025-05-25 02:29:37', 4, 'Fritos Honey BBQ Corn chips are sweet and crunchy, very satisfying.', 105, 20),
(207, '2025-05-25 02:29:37', 3, 'Good flavour, but can be a bit too sweet after a while.', 105, 21),
(208, '2025-05-25 02:29:37', 4, 'Lay\'s Barbecue has a classic smoky flavour, always a good choice.', 106, 22),
(209, '2025-05-25 02:29:37', 3, 'A bit too salty for me, but the BBQ taste is there.', 106, 23),
(210, '2025-05-25 02:29:37', 5, 'Lay\'s Cheddar & Sour Cream is a perfect creamy and tangy combo.', 107, 24),
(211, '2025-05-25 02:29:37', 4, 'Rich and flavourful, great for snacking.', 107, 25),
(212, '2025-05-25 02:29:37', 5, 'Lay\'s Classic are simply the best, perfectly salted and crispy.', 108, 27),
(213, '2025-05-25 02:29:37', 4, 'The original, can\'t go wrong with a classic.', 108, 29),
(214, '2025-05-25 02:29:37', 4, 'Lay\'s Dill Pickle chips have a strong tangy flavour, a unique treat.', 109, 30),
(215, '2025-05-25 02:29:37', 3, 'A bit too sour for my taste, but if you like pickle, you\'ll love these.', 109, 33),
(216, '2025-05-25 02:29:37', 5, 'Lay\'s Flamin\' Hot delivers intense heat and crunch, fantastic!', 110, 34),
(217, '2025-05-25 02:29:37', 4, 'Very spicy, but in a good way. Great for a kick.', 110, 35),
(218, '2025-05-25 02:29:37', 4, 'Lay\'s Honey Barbecue is a nice sweet and smoky chip.', 111, 36),
(219, '2025-05-25 02:29:37', 3, 'Good flavour, but sometimes a bit too sweet for a chip.', 111, 37),
(220, '2025-05-25 02:29:37', 5, 'Lay\'s Kettle Cooked Jalapeño has a great crunch and spicy kick.', 112, 16),
(221, '2025-05-25 02:29:37', 4, 'Love the thick cut and the heat, very satisfying.', 112, 17),
(222, '2025-05-25 02:29:37', 4, 'Lay\'s Salt & Vinegar are perfectly tangy and salty, a classic.', 113, 18),
(223, '2025-05-25 02:29:37', 3, 'A bit too strong on the vinegar for me, but still good.', 113, 19),
(224, '2025-05-25 02:29:37', 5, 'Lay\'s Sour Cream & Onion is a creamy and savoury delight.', 114, 20),
(225, '2025-05-25 02:29:37', 4, 'One of the best chip flavours, always a favourite.', 114, 21),
(226, '2025-05-25 02:29:37', 5, 'Pringles BBQ are perfectly stackable and full of smoky flavour.', 115, 22),
(227, '2025-05-25 02:29:37', 4, 'Great crunch and consistent flavour in every chip.', 115, 23),
(228, '2025-05-25 02:29:37', 4, 'Pringles Buffalo Ranch has a good spicy and creamy balance.', 116, 24),
(229, '2025-05-25 02:29:37', 3, 'Decent flavour, but I prefer the original ranch.', 116, 25),
(230, '2025-05-25 02:29:37', 5, 'Pringles Cheddar Cheese are cheesy and satisfying, a great snack.', 117, 27),
(231, '2025-05-25 02:29:37', 4, 'Love the cheesy taste, always a good choice.', 117, 29),
(232, '2025-05-25 02:29:37', 4, 'Pringles Jalapeño offers a nice spicy kick without being overwhelming.', 118, 30),
(233, '2025-05-25 02:29:37', 3, 'Good amount of heat, but not my top Pringles flavour.', 118, 33),
(234, '2025-05-25 02:29:37', 5, 'Pringles Onion is a classic, savoury, and perfectly seasoned.', 119, 34),
(235, '2025-05-25 02:29:37', 4, 'Always a reliable flavour, great for a quick snack.', 119, 35),
(236, '2025-05-25 02:29:37', 5, 'Pringles Original are simply perfect, crispy and lightly salted.', 120, 36),
(237, '2025-05-25 02:29:37', 5, 'The best Pringles flavour for pure potato crisp enjoyment.', 120, 37),
(238, '2025-05-25 02:29:37', 4, 'Pringles Pizza is a fun flavour, tastes like a cheesy pizza.', 121, 16),
(239, '2025-05-25 02:29:37', 3, 'A bit artificial, but still enjoyable for a pizza craving.', 121, 17),
(240, '2025-05-25 02:29:37', 5, 'Pringles Ranch is creamy and delicious, a great savoury option.', 122, 18),
(241, '2025-05-25 02:29:37', 4, 'Love the ranch flavour, very satisfying.', 122, 19),
(242, '2025-05-25 02:29:37', 5, 'Pringles Salt & Vinegar are perfectly tangy and sharp, a bold flavour.', 123, 20),
(243, '2025-05-25 02:29:37', 4, 'Great for a strong flavour craving, very zesty.', 123, 21),
(244, '2025-05-25 02:29:37', 5, 'Ruffles Cheddar & Sour Cream has a great crunch and rich flavour.', 124, 22),
(245, '2025-05-25 02:29:37', 4, 'The ridges hold the flavour perfectly, very satisfying.', 124, 23),
(246, '2025-05-25 02:29:37', 5, 'Ruffles Original are my go-to for a classic, hearty potato chip.', 125, 24),
(247, '2025-05-25 02:29:37', 4, 'Perfectly salted and crunchy, great for dipping.', 125, 25),
(248, '2025-05-25 02:29:37', 5, 'Clif Bar provides sustained energy, perfect for hiking or long days.', 126, 27),
(249, '2025-05-25 02:29:37', 4, 'Good for a meal replacement, but some flavours are better than others.', 126, 29),
(250, '2025-05-25 02:29:37', 4, 'FutureLife Bar is a convenient and nutritious snack, great for breakfast on the go.', 127, 30),
(251, '2025-05-25 02:29:37', 3, 'A bit dense, but I appreciate the nutritional value.', 127, 33),
(252, '2025-05-25 02:29:37', 5, 'Nature Valley granola bars are crunchy and wholesome, a great snack.', 128, 34),
(253, '2025-05-25 02:29:37', 4, 'Good for a quick energy boost, simple and effective.', 128, 35),
(254, '2025-05-25 02:29:37', 4, 'Snickers Protein bar is a good way to get protein with a familiar taste.', 129, 36),
(255, '2025-05-25 02:29:37', 3, 'A bit too sweet for a protein bar, but still good.', 129, 37),
(256, '2025-05-25 02:29:37', 5, 'Trust Crunch Bars USN are delicious and high in protein, great for post-workout.', 130, 16),
(257, '2025-05-25 02:29:37', 4, 'Good texture and flavour for a protein bar.', 130, 17),
(258, '2025-05-25 02:29:37', 4, 'Sante Crunchy Chocolate Coated Muesli Bar is a tasty and satisfying muesli bar.', 131, 18),
(259, '2025-05-25 02:29:37', 3, 'A bit sweet, but good for a quick snack.', 131, 19),
(260, '2025-05-25 02:29:37', 5, 'Quest Nutrition Bar is a fantastic high-protein, low-carb option, great for my diet.', 132, 20),
(261, '2025-05-25 02:29:37', 5, 'Love the variety of flavours, genuinely good protein bars.', 132, 21),
(262, '2025-05-25 02:29:37', 4, 'RxBar is great for simple, clean ingredients, very natural.', 133, 22),
(263, '2025-05-25 02:29:37', 3, 'A bit chewy, but I appreciate the minimal ingredients.', 133, 23),
(264, '2025-05-25 02:29:37', 5, 'Nutritech Whey Vitamins Minerals Protein Bar is a comprehensive and tasty protein bar.', 134, 24),
(265, '2025-05-25 02:29:37', 4, 'Good for a complete nutritional boost, satisfying.', 134, 25),
(266, '2025-05-25 02:29:37', 4, 'Nutritech Whey Protein Peanut Butter is a healthy and delicious spread.', 135, 27),
(267, '2025-05-25 02:29:37', 3, 'Good for adding protein to meals, but the texture is a bit different.', 135, 29),
(268, '2025-05-25 02:29:37', 5, 'Nutritech Raw Energy Bar Blueberry Almond is packed with natural energy, very fresh.', 136, 30),
(269, '2025-05-25 02:29:37', 4, 'Great for a quick, healthy snack on the go.', 136, 33),
(270, '2025-05-25 02:29:37', 5, 'Biltong is the ultimate South African snack, so flavourful and satisfying.', 137, 34),
(271, '2025-05-25 02:29:37', 5, 'Love the chewy texture and rich meaty taste, a true delicacy.', 137, 35),
(272, '2025-05-25 02:29:37', 5, 'Droëwors is fantastic, perfect for a savoury craving.', 138, 36),
(273, '2025-05-25 02:29:37', 4, 'A great traditional snack, always a favourite.', 138, 37),
(274, '2025-05-26 00:34:55', 2, 'Yummy', 23, 50),
(275, '2025-03-22 15:42:27', 4, 'Waste of money', 36, 28),
(276, '2025-05-07 15:16:22', 2, 'My kids love this product', 25, 29),
(277, '2024-07-27 11:46:16', 4, 'Absolutely disgusting', 27, 29),
(278, '2024-08-24 15:44:47', 1, 'Waste of money', 26, 38),
(279, '2025-01-16 00:00:42', 1, 'Horrible taste', 25, 20),
(280, '2024-07-14 04:23:01', 5, 'Horrible taste', 45, 33),
(281, '2024-12-25 17:00:44', 2, 'My kids love this product', 46, 22),
(282, '2024-11-20 19:00:05', 4, 'Horrible taste', 24, 30),
(283, '2025-04-30 15:03:16', 3, 'Absolutely disgusting', 36, 39),
(284, '2024-07-30 21:40:12', 5, 'My kids love this product', 35, 29),
(285, '2024-12-19 05:40:29', 1, 'Yummy', 44, 26),
(286, '2025-04-18 10:46:20', 1, 'My kids love this product', 44, 30),
(287, '2024-07-30 19:29:27', 4, 'Waste of money', 46, 20),
(288, '2025-04-04 08:09:51', 1, 'Waste of money', 37, 33),
(289, '2025-02-17 11:58:21', 5, 'Yummy', 36, 24),
(290, '2025-01-31 13:45:22', 5, 'Waste of money', 27, 39),
(291, '2024-09-26 20:00:27', 1, 'Absolutely disgusting', 30, 35),
(292, '2024-06-07 08:17:31', 3, 'Horrible taste', 23, 21),
(293, '2025-03-29 08:11:53', 3, 'Great product', 26, 26),
(294, '2025-04-17 15:15:24', 2, 'My kids love this product', 32, 30),
(295, '2025-02-05 17:27:27', 1, 'Waste of money', 28, 21),
(296, '2024-10-04 06:28:30', 1, 'Absolutely disgusting', 41, 35),
(297, '2025-02-15 20:01:11', 2, 'Great product', 29, 29),
(298, '2024-09-14 20:24:26', 1, 'Yummy', 28, 17),
(299, '2025-05-23 00:29:06', 4, 'Great Snack for Studying', 41, 17),
(300, '2025-01-11 06:01:01', 3, 'Waste of money', 26, 20),
(301, '2025-04-27 19:47:17', 5, 'Horrible taste', 36, 34),
(302, '2024-12-11 14:13:32', 5, 'Waste of money', 33, 23),
(303, '2024-07-15 05:27:25', 1, 'Great product', 35, 35),
(304, '2024-07-19 15:07:50', 5, 'Yummy', 29, 30),
(305, '2025-05-14 22:47:11', 3, 'Great product', 23, 39),
(306, '2024-09-25 14:28:02', 5, 'Great product', 37, 28),
(307, '2025-04-07 04:57:29', 2, 'Horrible taste', 24, 32),
(308, '2024-12-13 17:33:21', 4, 'Yummy', 23, 36),
(309, '2025-02-09 22:55:30', 5, 'My kids love this product', 24, 32),
(310, '2024-07-04 15:23:17', 3, 'Yummy', 38, 16),
(311, '2025-01-23 09:34:52', 3, 'Yummy', 39, 23),
(312, '2025-02-11 18:05:36', 2, 'Great Snack for Studying', 25, 24),
(313, '2025-04-17 20:44:46', 3, 'My kids love this product', 36, 21),
(314, '2024-11-16 21:12:58', 5, 'Yummy', 46, 36),
(315, '2025-02-20 15:40:42', 4, 'My kids love this product', 25, 34),
(316, '2024-12-30 22:14:59', 5, 'Great product', 30, 21),
(317, '2024-09-26 01:00:36', 3, 'Fantastic product', 25, 16),
(318, '2024-09-14 08:31:09', 1, 'Fantastic product', 47, 30),
(319, '2024-10-30 11:05:58', 2, 'Yummy', 28, 38),
(320, '2025-01-07 06:41:03', 2, 'Horrible taste', 26, 33),
(321, '2025-02-28 09:05:09', 4, 'Waste of money', 35, 36),
(322, '2025-02-06 20:34:44', 1, 'Absolutely disgusting', 40, 26),
(323, '2024-07-08 23:24:16', 1, 'Waste of money', 43, 16),
(324, '2025-02-26 12:09:37', 5, 'Yummy', 25, 33),
(325, '2025-01-27 15:32:59', 3, 'My kids love this product', 30, 38),
(326, '2024-10-15 00:06:56', 2, 'Absolutely disgusting', 24, 39),
(327, '2025-04-16 22:45:39', 3, 'Great product', 31, 30),
(328, '2025-05-12 00:38:04', 1, 'Great Snack for Studying', 29, 29),
(329, '2024-12-06 11:00:48', 5, 'Absolutely disgusting', 42, 39),
(330, '2024-10-01 23:25:42', 5, 'Horrible taste', 23, 24),
(331, '2024-05-28 04:28:40', 3, 'Absolutely disgusting', 41, 25),
(332, '2025-02-01 12:56:47', 2, 'Fantastic product', 47, 26),
(333, '2025-01-23 17:19:56', 1, 'Absolutely disgusting', 34, 37),
(334, '2024-10-01 11:17:53', 1, 'Horrible taste', 23, 26),
(335, '2025-02-09 13:45:57', 2, 'My kids love this product', 38, 25),
(336, '2024-12-12 22:52:09', 1, 'Great product', 29, 34),
(337, '2025-03-11 10:41:47', 5, 'My kids love this product', 31, 29),
(338, '2025-02-03 16:56:04', 4, 'Great product', 30, 22),
(339, '2025-04-27 07:09:46', 3, 'My kids love this product', 34, 25),
(340, '2025-04-10 16:07:06', 2, 'Great product', 29, 19),
(341, '2024-10-08 03:42:01', 1, 'Great product', 25, 25),
(342, '2024-10-17 20:15:21', 4, 'Yummy', 30, 25),
(343, '2024-09-12 03:44:58', 2, 'Waste of money', 45, 16),
(344, '2024-12-29 12:20:21', 4, 'My kids love this product', 34, 27),
(345, '2024-12-27 14:55:00', 2, 'Absolutely disgusting', 30, 26),
(346, '2024-12-28 04:38:46', 2, 'Waste of money', 24, 20),
(347, '2025-04-26 20:14:12', 2, 'Absolutely disgusting', 46, 19),
(348, '2025-01-02 19:26:07', 3, 'My kids love this product', 45, 29),
(349, '2024-07-29 01:38:15', 5, 'Great product', 39, 18),
(350, '2024-10-01 14:15:40', 5, 'Great Snack for Studying', 28, 31),
(351, '2025-04-10 10:15:55', 2, 'Absolutely disgusting', 28, 39),
(352, '2024-07-19 06:07:15', 1, 'My kids love this product', 40, 32),
(353, '2024-11-09 12:39:51', 3, 'Absolutely disgusting', 43, 17),
(354, '2024-07-19 08:04:22', 2, 'Waste of money', 32, 24),
(355, '2025-01-17 09:36:36', 4, 'Horrible taste', 43, 19),
(356, '2024-05-31 09:37:27', 4, 'Fantastic product', 31, 36),
(357, '2025-02-15 21:56:10', 1, 'Waste of money', 45, 25),
(358, '2025-01-08 21:50:17', 1, 'Horrible taste', 47, 16),
(359, '2025-04-24 13:42:37', 4, 'Great Snack for Studying', 41, 31),
(360, '2024-08-23 22:33:22', 5, 'Waste of money', 35, 20),
(361, '2024-08-11 01:40:36', 1, 'Absolutely disgusting', 38, 25),
(362, '2025-02-13 23:34:29', 3, 'Fantastic product', 45, 21),
(363, '2024-07-20 07:14:58', 5, 'Horrible taste', 26, 19),
(364, '2024-09-05 23:35:05', 3, 'Great Snack for Studying', 31, 30),
(365, '2024-07-15 08:36:44', 2, 'Great Snack for Studying', 28, 36),
(366, '2024-10-24 13:48:58', 3, 'Yummy', 27, 38),
(367, '2024-06-21 15:57:05', 3, 'Great product', 23, 37),
(368, '2024-07-25 19:14:56', 3, 'Yummy', 25, 17),
(369, '2024-12-21 11:18:33', 2, 'Horrible taste', 36, 24),
(370, '2024-11-13 07:55:01', 5, 'Great Snack for Studying', 41, 22),
(371, '2024-10-19 01:33:03', 1, 'Great Snack for Studying', 45, 37),
(372, '2024-10-06 21:52:49', 5, 'Fantastic product', 38, 37),
(373, '2024-06-28 21:56:33', 5, 'Yummy', 46, 25),
(374, '2025-04-14 12:20:42', 2, 'Absolutely disgusting', 23, 37),
(375, '2025-02-03 09:41:47', 4, 'Great Snack for Studying', 27, 20),
(376, '2025-01-31 13:42:58', 1, 'Great Snack for Studying', 34, 19),
(377, '2024-11-28 13:26:49', 4, 'Great Snack for Studying', 42, 21),
(378, '2024-07-23 06:19:29', 1, 'Waste of money', 46, 24),
(379, '2024-09-13 03:31:38', 3, 'My kids love this product', 41, 19),
(380, '2024-06-03 22:31:43', 3, 'Absolutely disgusting', 24, 28),
(381, '2024-07-03 18:12:50', 1, 'Waste of money', 44, 18),
(382, '2024-08-15 15:42:15', 2, 'Fantastic product', 31, 25),
(383, '2024-08-06 01:54:16', 4, 'Great product', 25, 30),
(384, '2024-06-14 21:17:10', 3, 'Absolutely disgusting', 47, 37),
(385, '2024-10-02 15:22:48', 4, 'My kids love this product', 30, 31),
(386, '2024-12-30 21:41:00', 4, 'Fantastic product', 32, 26),
(387, '2024-06-14 22:09:48', 4, 'Yummy', 25, 35),
(388, '2024-08-24 08:49:56', 2, 'Yummy', 45, 37),
(389, '2024-09-18 02:57:40', 5, 'Absolutely disgusting', 35, 28),
(390, '2025-04-10 08:34:56', 2, 'Great product', 45, 30),
(391, '2025-04-05 17:05:49', 4, 'Fantastic product', 43, 17),
(392, '2024-07-31 09:15:17', 5, 'Absolutely disgusting', 31, 24),
(393, '2024-10-16 04:42:53', 2, 'Great Snack for Studying', 42, 37),
(394, '2025-03-22 23:28:19', 4, 'Great Snack for Studying', 29, 19),
(395, '2024-07-24 01:50:35', 1, 'Great Snack for Studying', 34, 30),
(396, '2024-07-16 02:09:37', 1, 'My kids love this product', 42, 35),
(397, '2024-07-09 09:59:09', 5, 'Great Snack for Studying', 46, 17),
(398, '2025-01-10 13:22:40', 1, 'Waste of money', 30, 35),
(399, '2024-10-04 20:23:19', 1, 'Fantastic product', 43, 33),
(400, '2025-01-15 06:03:25', 4, 'Yummy', 25, 37),
(401, '2025-05-03 22:48:44', 3, 'Fantastic product', 24, 29),
(402, '2024-09-14 12:30:36', 4, 'My kids love this product', 27, 39),
(403, '2024-10-26 16:35:21', 1, 'My kids love this product', 31, 28),
(404, '2025-02-21 05:33:32', 2, 'Waste of money', 46, 24),
(405, '2024-06-13 00:58:35', 1, 'Horrible taste', 29, 35),
(406, '2024-09-15 13:11:28', 2, 'Absolutely disgusting', 34, 27),
(407, '2025-04-25 10:28:17', 1, 'Horrible taste', 47, 20),
(408, '2025-01-05 08:16:55', 2, 'Horrible taste', 45, 23),
(409, '2024-12-01 14:54:58', 5, 'Absolutely disgusting', 40, 16),
(410, '2024-10-20 13:48:41', 2, 'Horrible taste', 44, 16),
(411, '2025-04-16 13:40:26', 3, 'Horrible taste', 36, 30),
(412, '2025-02-04 17:38:16', 4, 'Absolutely disgusting', 40, 35),
(413, '2025-02-21 05:44:04', 4, 'Waste of money', 42, 28),
(414, '2024-06-25 22:38:50', 5, 'Absolutely disgusting', 47, 35),
(415, '2024-06-27 05:13:05', 1, 'Fantastic product', 42, 24),
(416, '2025-02-03 15:36:36', 2, 'Horrible taste', 31, 20),
(417, '2025-02-05 03:54:47', 3, 'My kids love this product', 47, 27),
(418, '2024-09-19 01:26:25', 4, 'Absolutely disgusting', 33, 17),
(419, '2024-10-31 06:18:32', 3, 'Absolutely disgusting', 43, 31),
(420, '2024-12-12 06:02:06', 5, 'Yummy', 43, 22),
(421, '2025-02-19 05:35:34', 4, 'My kids love this product', 40, 21),
(422, '2024-11-04 06:51:26', 1, 'Waste of money', 32, 23),
(423, '2024-07-03 22:24:18', 3, 'Yummy', 27, 33),
(424, '2024-09-27 18:35:26', 3, 'Yummy', 41, 25),
(425, '2024-07-23 13:00:41', 1, 'Absolutely disgusting', 24, 33),
(426, '2024-12-26 11:01:29', 2, 'Fantastic product', 29, 34),
(427, '2024-09-13 16:47:02', 5, 'Waste of money', 28, 30),
(428, '2025-05-07 09:15:33', 4, 'Great product', 41, 20),
(429, '2024-08-09 00:44:35', 3, 'Fantastic product', 36, 18),
(430, '2025-04-10 20:41:08', 3, 'Great product', 41, 17),
(431, '2025-04-19 13:45:04', 3, 'Fantastic product', 44, 18),
(432, '2025-01-05 13:02:24', 3, 'Fantastic product', 28, 28),
(433, '2024-12-09 14:32:10', 1, 'Fantastic product', 42, 29),
(434, '2024-08-04 17:58:20', 2, 'Waste of money', 30, 37),
(435, '2025-05-22 02:34:35', 2, 'Absolutely disgusting', 32, 36),
(436, '2025-05-25 03:26:51', 1, 'Great Snack for Studying', 28, 38),
(437, '2024-08-06 15:37:01', 2, 'Waste of money', 27, 20),
(438, '2024-12-21 21:52:35', 4, 'Great Snack for Studying', 42, 28),
(439, '2024-06-07 22:41:39', 3, 'Yummy', 39, 27),
(440, '2025-01-10 03:02:58', 1, 'Waste of money', 44, 38),
(441, '2024-11-22 13:26:17', 1, 'Fantastic product', 24, 34),
(442, '2024-11-25 23:06:14', 4, 'Absolutely disgusting', 23, 37),
(443, '2024-08-19 07:03:57', 5, 'Great Snack for Studying', 38, 33),
(444, '2025-04-14 11:52:45', 2, 'Fantastic product', 36, 26),
(445, '2024-09-05 16:35:19', 5, 'Yummy', 33, 16),
(446, '2025-03-16 11:50:14', 3, 'Fantastic product', 34, 19),
(447, '2024-07-17 13:06:42', 4, 'Great Snack for Studying', 34, 27),
(448, '2025-03-24 14:52:53', 2, 'Horrible taste', 34, 20),
(449, '2024-07-21 04:28:24', 5, 'Horrible taste', 41, 38),
(450, '2024-09-06 01:44:58', 4, 'Horrible taste', 39, 19),
(451, '2024-09-09 01:14:55', 4, 'Yummy', 26, 28),
(452, '2025-03-08 20:49:22', 3, 'Great product', 29, 38),
(453, '2025-01-28 19:29:58', 3, 'Yummy', 33, 30),
(454, '2024-10-06 18:08:59', 2, 'Great Snack for Studying', 34, 30),
(455, '2024-10-03 14:21:52', 5, 'Waste of money', 43, 16),
(456, '2024-08-25 07:22:45', 4, 'Horrible taste', 30, 39),
(457, '2025-05-13 06:05:33', 1, 'Yummy', 39, 36),
(458, '2024-11-04 09:52:56', 1, 'Great product', 31, 31),
(459, '2025-01-25 18:48:06', 5, 'Waste of money', 44, 38),
(460, '2025-01-29 06:14:01', 3, 'Waste of money', 26, 25),
(461, '2025-03-08 20:52:55', 1, 'Yummy', 35, 32),
(462, '2024-10-15 05:20:20', 3, 'Waste of money', 26, 32),
(463, '2025-03-31 11:26:30', 1, 'Great product', 29, 34),
(464, '2024-10-14 15:51:29', 2, 'Horrible taste', 29, 19),
(465, '2025-04-07 06:51:14', 1, 'Fantastic product', 44, 34),
(466, '2024-09-29 08:53:43', 1, 'Horrible taste', 32, 34),
(467, '2024-07-17 12:21:27', 1, 'Great product', 39, 22),
(468, '2024-08-04 15:09:06', 2, 'Yummy', 34, 19),
(469, '2024-12-15 19:01:57', 5, 'My kids love this product', 36, 18),
(470, '2024-12-29 15:05:26', 5, 'Horrible taste', 37, 29),
(471, '2025-03-02 03:43:37', 3, 'Great Snack for Studying', 39, 19),
(472, '2024-11-08 22:57:50', 1, 'Great Snack for Studying', 46, 20),
(473, '2024-11-13 12:33:10', 3, 'Great Snack for Studying', 23, 30),
(474, '2025-02-28 12:53:40', 3, 'Waste of money', 37, 22),
(475, '2024-11-14 06:12:47', 1, 'Fantastic product', 25, 30),
(476, '2024-08-31 02:20:32', 5, 'Fantastic product', 24, 26),
(477, '2024-09-20 07:47:10', 2, 'Absolutely disgusting', 46, 24),
(478, '2024-07-05 19:04:39', 4, 'Great Snack for Studying', 41, 28),
(479, '2025-03-19 06:58:50', 5, 'Horrible taste', 32, 17),
(480, '2025-04-23 02:41:21', 5, 'Yummy', 43, 28),
(481, '2024-07-14 22:33:21', 2, 'Fantastic product', 47, 20),
(482, '2024-07-07 14:22:44', 1, 'Great Snack for Studying', 27, 30),
(483, '2024-08-20 08:57:16', 4, 'Waste of money', 47, 36),
(484, '2024-09-15 06:11:01', 5, 'Absolutely disgusting', 38, 18),
(485, '2025-02-12 13:37:47', 2, 'Horrible taste', 39, 29),
(486, '2024-06-09 17:01:02', 4, 'My kids love this product', 39, 26),
(487, '2025-04-05 10:38:01', 4, 'Waste of money', 28, 23),
(488, '2024-12-01 08:30:36', 2, 'Absolutely disgusting', 40, 32),
(489, '2024-05-26 08:01:34', 4, 'Horrible taste', 41, 22),
(490, '2024-10-05 10:37:08', 3, 'Absolutely disgusting', 35, 29),
(491, '2024-11-06 15:39:16', 2, 'Horrible taste', 29, 36),
(492, '2025-01-12 11:03:18', 5, 'My kids love this product', 40, 34),
(493, '2024-11-28 20:37:15', 2, 'Waste of money', 34, 30),
(494, '2025-05-16 12:49:56', 2, 'Great product', 28, 31),
(495, '2024-05-28 01:52:48', 1, 'Absolutely disgusting', 42, 20),
(496, '2024-09-27 20:42:04', 2, 'Horrible taste', 28, 29),
(497, '2025-02-17 15:10:33', 5, 'Absolutely disgusting', 46, 36),
(498, '2025-02-28 15:57:24', 3, 'Fantastic product', 24, 22),
(499, '2024-10-09 04:35:40', 4, 'Great Snack for Studying', 26, 31),
(500, '2025-03-10 19:36:25', 2, 'Great Snack for Studying', 40, 35),
(501, '2024-10-09 19:14:51', 3, 'Great Snack for Studying', 29, 29),
(502, '2025-02-22 02:28:41', 4, 'My kids love this product', 29, 17),
(503, '2024-10-08 16:44:02', 5, 'Waste of money', 30, 35),
(504, '2024-12-11 04:10:39', 4, 'Waste of money', 27, 16),
(505, '2024-12-11 19:28:22', 3, 'Great product', 26, 30),
(506, '2025-04-19 20:06:35', 1, 'Great product', 44, 34),
(507, '2024-10-15 17:50:31', 3, 'Waste of money', 31, 27),
(508, '2025-02-28 15:27:41', 3, 'Absolutely disgusting', 26, 37),
(509, '2025-05-01 15:17:08', 5, 'Fantastic product', 43, 38),
(510, '2024-10-05 06:08:00', 2, 'Fantastic product', 44, 17),
(511, '2024-11-10 09:51:54', 1, 'Great product', 32, 33),
(512, '2025-04-10 22:40:08', 4, 'Waste of money', 46, 19),
(513, '2024-06-05 17:57:13', 5, 'Yummy', 31, 29),
(514, '2024-11-28 09:00:12', 1, 'Fantastic product', 45, 26),
(515, '2024-08-09 00:29:10', 5, 'Waste of money', 27, 37),
(516, '2025-01-13 15:43:31', 5, 'Yummy', 33, 28),
(517, '2025-04-26 14:22:55', 1, 'My kids love this product', 35, 26),
(518, '2024-09-20 08:28:25', 4, 'Horrible taste', 32, 26),
(519, '2025-03-02 12:22:45', 5, 'Horrible taste', 25, 16),
(520, '2024-07-22 01:48:01', 4, 'Waste of money', 37, 18),
(521, '2025-04-12 13:17:13', 4, 'Absolutely disgusting', 35, 27),
(522, '2025-04-14 02:43:17', 5, 'Waste of money', 41, 38),
(523, '2024-06-06 16:03:20', 1, 'Yummy', 31, 32),
(524, '2024-07-22 14:24:31', 4, 'Absolutely disgusting', 29, 29),
(525, '2025-01-16 02:58:06', 1, 'Absolutely disgusting', 43, 19),
(526, '2024-07-08 11:30:59', 4, 'Great product', 23, 21),
(527, '2024-07-13 10:37:34', 4, 'Horrible taste', 42, 25),
(528, '2025-03-08 15:11:28', 1, 'Great Snack for Studying', 40, 18),
(529, '2025-01-28 12:54:30', 3, 'Waste of money', 24, 37),
(530, '2024-09-12 21:34:49', 1, 'Fantastic product', 24, 36),
(531, '2024-09-01 00:34:33', 1, 'Waste of money', 41, 32),
(532, '2024-12-22 11:50:51', 5, 'Waste of money', 35, 30),
(533, '2024-06-29 16:06:50', 2, 'Waste of money', 23, 20),
(534, '2024-10-28 00:54:32', 1, 'Fantastic product', 47, 36),
(535, '2025-03-31 01:38:45', 2, 'Horrible taste', 38, 32),
(536, '2025-05-19 15:47:40', 3, 'Horrible taste', 44, 30),
(537, '2024-06-15 14:26:04', 4, 'My kids love this product', 39, 26),
(538, '2024-12-17 21:51:57', 3, 'Waste of money', 30, 28),
(539, '2024-07-18 04:10:52', 1, 'Waste of money', 45, 39),
(540, '2024-12-24 23:06:19', 5, 'Great Snack for Studying', 43, 30),
(541, '2025-05-17 12:08:49', 5, 'Fantastic product', 43, 37),
(542, '2024-06-22 19:18:37', 2, 'Fantastic product', 25, 21),
(543, '2024-07-16 20:54:02', 4, 'Yummy', 37, 17),
(544, '2024-09-04 02:16:09', 2, 'My kids love this product', 36, 31),
(545, '2024-09-22 01:12:33', 2, 'Yummy', 24, 35),
(546, '2024-05-26 00:37:56', 1, 'Fantastic product', 39, 18),
(547, '2024-09-16 15:00:39', 5, 'Fantastic product', 36, 36),
(548, '2024-11-02 14:31:45', 4, 'My kids love this product', 46, 37),
(549, '2025-04-13 12:15:54', 1, 'Horrible taste', 28, 37),
(550, '2025-04-09 14:25:41', 2, 'Great Snack for Studying', 46, 29),
(551, '2025-02-05 05:38:40', 2, 'My kids love this product', 38, 16),
(552, '2025-02-13 17:45:05', 2, 'Fantastic product', 45, 33),
(553, '2024-10-05 17:54:02', 2, 'My kids love this product', 38, 36),
(554, '2024-07-08 13:00:59', 1, 'My kids love this product', 23, 32),
(555, '2025-03-09 22:06:07', 1, 'Horrible taste', 38, 18),
(556, '2025-03-07 22:01:47', 4, 'My kids love this product', 27, 22),
(557, '2024-11-21 01:40:47', 2, 'Great product', 23, 37),
(558, '2024-12-07 23:13:54', 4, 'Yummy', 40, 36),
(559, '2024-07-12 10:23:41', 5, 'Absolutely disgusting', 29, 23),
(560, '2025-02-03 21:30:29', 4, 'Absolutely disgusting', 35, 21),
(561, '2024-07-31 19:06:58', 4, 'Yummy', 41, 35),
(562, '2024-06-21 23:53:51', 2, 'My kids love this product', 45, 35),
(563, '2024-06-22 10:35:40', 3, 'My kids love this product', 35, 29),
(564, '2025-03-12 10:27:23', 4, 'Fantastic product', 25, 32),
(565, '2024-10-21 08:05:52', 3, 'My kids love this product', 27, 31),
(566, '2025-03-03 09:27:28', 4, 'Yummy', 30, 29),
(567, '2025-01-07 18:19:06', 5, 'Horrible taste', 47, 25),
(568, '2025-05-03 21:13:37', 1, 'Fantastic product', 24, 32),
(569, '2025-05-15 05:53:12', 5, 'Absolutely disgusting', 26, 37),
(570, '2024-12-10 11:28:04', 2, 'Yummy', 27, 19),
(571, '2025-03-19 23:30:56', 2, 'Great product', 33, 35),
(572, '2025-03-22 03:25:12', 2, 'Yummy', 39, 22),
(573, '2025-03-03 22:29:25', 1, 'Absolutely disgusting', 43, 21),
(574, '2025-05-15 04:42:37', 2, 'Fantastic product', 45, 24),
(575, '2025-05-08 06:13:52', 2, 'Great product', 34, 34),
(576, '2024-08-20 12:57:42', 5, 'Absolutely disgusting', 32, 29),
(577, '2024-12-30 09:40:22', 3, 'Great product', 27, 38),
(578, '2025-03-23 12:47:42', 1, 'Absolutely disgusting', 28, 30),
(579, '2024-09-27 03:52:44', 2, 'Horrible taste', 37, 17),
(580, '2024-06-25 07:47:27', 3, 'Absolutely disgusting', 32, 38),
(581, '2025-02-02 20:25:52', 3, 'Horrible taste', 45, 39),
(582, '2025-02-20 16:42:31', 4, 'Fantastic product', 44, 22),
(583, '2024-07-25 21:53:40', 5, 'My kids love this product', 45, 17),
(584, '2025-05-17 02:53:41', 2, 'Absolutely disgusting', 35, 20),
(585, '2024-10-27 15:56:55', 4, 'Absolutely disgusting', 27, 24),
(586, '2024-10-22 18:53:12', 3, 'Waste of money', 39, 25),
(587, '2024-08-10 09:57:12', 3, 'Great product', 28, 19),
(588, '2025-02-17 04:09:01', 4, 'Horrible taste', 37, 23),
(589, '2024-06-11 11:52:06', 3, 'Yummy', 42, 24),
(590, '2024-10-09 21:28:07', 4, 'Absolutely disgusting', 28, 29),
(591, '2025-04-03 14:37:45', 5, 'Great product', 47, 32),
(592, '2025-02-14 11:05:27', 2, 'Waste of money', 35, 20),
(593, '2024-08-30 07:22:03', 2, 'My kids love this product', 33, 30),
(594, '2024-09-15 06:20:07', 5, 'Yummy', 45, 16),
(595, '2025-05-04 01:29:00', 4, 'Great product', 30, 29),
(596, '2025-03-24 02:57:57', 5, 'Yummy', 23, 18),
(597, '2024-08-01 03:04:17', 5, 'Great product', 46, 36),
(598, '2025-05-10 22:43:35', 4, 'Fantastic product', 32, 21),
(599, '2024-10-18 22:34:25', 1, 'Great Snack for Studying', 32, 35),
(600, '2025-02-16 16:55:58', 2, 'Absolutely disgusting', 24, 24),
(601, '2024-11-18 17:55:04', 4, 'Great product', 44, 21),
(602, '2025-04-20 12:29:43', 2, 'Waste of money', 46, 22),
(603, '2024-08-25 07:09:38', 1, 'Great product', 39, 37),
(604, '2025-05-23 02:03:21', 4, 'Yummy', 45, 21),
(605, '2024-06-18 21:43:11', 2, 'Horrible taste', 24, 33),
(606, '2025-04-19 11:19:54', 5, 'Great Snack for Studying', 38, 16),
(607, '2024-12-09 10:28:17', 4, 'Great Snack for Studying', 28, 35),
(608, '2025-02-28 11:50:29', 2, 'Horrible taste', 25, 24),
(609, '2024-06-09 01:11:18', 4, 'Waste of money', 47, 18),
(610, '2024-10-20 00:46:32', 1, 'My kids love this product', 43, 27),
(611, '2025-04-19 14:30:00', 1, 'My kids love this product', 39, 26),
(612, '2025-01-29 08:49:06', 3, 'Fantastic product', 25, 27),
(613, '2024-11-11 02:07:36', 1, 'My kids love this product', 27, 17),
(614, '2025-01-02 22:09:33', 3, 'Yummy', 29, 38),
(615, '2024-12-14 20:17:39', 3, 'Absolutely disgusting', 43, 19),
(616, '2024-07-28 01:27:44', 3, 'Yummy', 47, 17),
(617, '2025-01-11 01:02:14', 2, 'Fantastic product', 32, 26),
(618, '2024-11-05 19:04:55', 1, 'Yummy', 32, 27),
(619, '2024-09-26 20:59:20', 4, 'Great Snack for Studying', 44, 16),
(620, '2025-04-15 09:03:23', 2, 'Horrible taste', 43, 27),
(621, '2024-09-24 18:40:51', 5, 'Waste of money', 40, 18),
(622, '2024-05-26 02:58:17', 4, 'Absolutely disgusting', 41, 27),
(623, '2024-11-24 15:29:01', 3, 'Great product', 33, 30),
(624, '2024-08-25 08:12:10', 2, 'Fantastic product', 38, 29),
(625, '2025-02-20 15:28:37', 4, 'Great Snack for Studying', 40, 26),
(626, '2024-12-26 23:43:39', 3, 'Yummy', 45, 17),
(627, '2024-10-31 07:29:07', 2, 'Yummy', 36, 24),
(628, '2024-07-11 12:06:51', 1, 'Absolutely disgusting', 32, 27),
(629, '2024-10-01 04:45:35', 1, 'Horrible taste', 41, 39),
(630, '2024-11-18 11:46:07', 5, 'Fantastic product', 27, 22),
(631, '2024-09-16 04:27:02', 5, 'Horrible taste', 41, 38),
(632, '2024-09-07 15:19:58', 5, 'Waste of money', 28, 17),
(633, '2024-08-19 18:49:44', 3, 'Waste of money', 38, 20),
(634, '2025-02-06 21:26:29', 5, 'Absolutely disgusting', 31, 33),
(635, '2024-08-02 14:17:42', 4, 'My kids love this product', 23, 25),
(636, '2025-04-25 04:28:51', 3, 'My kids love this product', 33, 33),
(637, '2024-09-22 11:20:03', 4, 'Waste of money', 35, 39),
(638, '2025-05-11 11:51:00', 1, 'Great product', 30, 30),
(639, '2024-05-27 09:33:14', 1, 'My kids love this product', 29, 24),
(640, '2024-11-07 11:45:25', 1, 'Great product', 40, 38),
(641, '2024-10-22 10:31:27', 2, 'Fantastic product', 39, 36),
(642, '2024-12-12 03:27:35', 5, 'My kids love this product', 42, 21),
(643, '2024-06-13 06:20:19', 5, 'Waste of money', 24, 33),
(644, '2024-10-19 15:12:50', 5, 'Great Snack for Studying', 23, 29),
(645, '2024-08-04 21:48:57', 1, 'My kids love this product', 44, 26),
(646, '2024-07-17 01:38:43', 2, 'Waste of money', 29, 30),
(647, '2025-01-01 15:09:21', 3, 'Yummy', 38, 31),
(648, '2024-12-30 12:39:22', 1, 'Absolutely disgusting', 39, 20),
(649, '2024-12-25 08:25:04', 5, 'My kids love this product', 27, 24),
(650, '2024-07-16 23:31:26', 4, 'Yummy', 44, 26),
(651, '2025-03-24 04:31:41', 5, 'Yummy', 47, 31),
(652, '2024-11-21 14:29:01', 3, 'Yummy', 37, 36),
(653, '2024-09-23 19:58:03', 3, 'Fantastic product', 32, 24),
(654, '2025-01-22 14:10:46', 4, 'Yummy', 33, 27),
(655, '2024-09-06 15:53:58', 2, 'Great product', 32, 16),
(656, '2025-03-28 10:03:44', 1, 'Great Snack for Studying', 45, 19),
(657, '2025-05-09 18:34:57', 4, 'My kids love this product', 38, 34),
(658, '2025-02-01 21:49:15', 2, 'Yummy', 45, 36),
(659, '2025-02-04 19:24:58', 2, 'Fantastic product', 39, 16),
(660, '2024-12-26 12:07:41', 4, 'Great product', 26, 38),
(661, '2025-01-23 06:00:10', 3, 'Great product', 37, 21),
(662, '2024-10-19 21:44:37', 3, 'Yummy', 45, 26),
(663, '2024-12-29 10:22:39', 4, 'Waste of money', 38, 26),
(664, '2024-10-24 23:42:54', 2, 'Fantastic product', 24, 18),
(665, '2024-09-10 03:33:58', 2, 'Waste of money', 44, 23),
(666, '2025-01-15 03:25:09', 5, 'Waste of money', 30, 17),
(667, '2024-11-28 16:20:57', 4, 'My kids love this product', 38, 20),
(668, '2024-11-09 17:46:26', 4, 'Fantastic product', 33, 34),
(669, '2025-03-02 17:35:50', 1, 'Yummy', 40, 32),
(670, '2024-08-21 10:38:20', 5, 'Great Snack for Studying', 36, 37),
(671, '2024-07-20 05:22:33', 5, 'Fantastic product', 25, 33),
(672, '2024-06-02 20:07:32', 5, 'Horrible taste', 38, 16),
(673, '2024-08-16 01:19:32', 1, 'Horrible taste', 37, 24),
(674, '2025-04-05 09:01:58', 5, 'Fantastic product', 31, 38),
(675, '2024-11-15 18:02:24', 5, 'Waste of money', 31, 23),
(676, '2025-01-04 22:48:30', 3, 'Fantastic product', 36, 38),
(677, '2025-01-14 17:23:19', 4, 'Fantastic product', 42, 37),
(678, '2024-08-12 18:42:21', 5, 'Great Snack for Studying', 43, 19),
(679, '2024-10-22 20:30:38', 1, 'Absolutely disgusting', 46, 33),
(680, '2024-06-17 13:30:36', 5, 'Great Snack for Studying', 24, 37),
(681, '2025-03-11 23:12:24', 4, 'Great product', 37, 29),
(682, '2025-04-15 04:15:15', 4, 'Fantastic product', 47, 26),
(683, '2024-09-02 18:41:08', 3, 'Horrible taste', 26, 18),
(684, '2025-01-15 09:35:28', 2, 'Fantastic product', 30, 35),
(685, '2024-06-27 01:08:30', 3, 'Yummy', 44, 23),
(686, '2024-06-17 13:57:35', 3, 'Great product', 37, 25),
(687, '2024-10-02 20:08:00', 1, 'Great product', 35, 35),
(688, '2024-11-03 22:53:09', 5, 'My kids love this product', 25, 36),
(689, '2024-11-17 13:36:01', 3, 'My kids love this product', 32, 18),
(690, '2025-01-15 22:08:47', 4, 'Absolutely disgusting', 39, 25),
(691, '2025-04-27 02:50:24', 1, 'Great Snack for Studying', 36, 21),
(692, '2024-11-04 20:32:35', 3, 'Absolutely disgusting', 33, 24),
(693, '2024-07-20 14:51:24', 3, 'Horrible taste', 46, 39),
(694, '2024-07-23 18:27:04', 4, 'Waste of money', 36, 28),
(695, '2024-10-17 10:09:39', 3, 'Fantastic product', 27, 27),
(696, '2025-02-11 00:40:27', 2, 'Great product', 39, 22),
(697, '2025-02-09 20:23:29', 1, 'Horrible taste', 34, 27),
(698, '2024-07-05 15:56:15', 5, 'Great product', 38, 21),
(699, '2024-08-11 00:42:24', 4, 'Fantastic product', 30, 39),
(700, '2024-10-18 17:38:34', 5, 'Yummy', 44, 36),
(701, '2025-03-09 09:52:38', 1, 'Fantastic product', 45, 17),
(702, '2024-05-31 10:52:17', 5, 'Fantastic product', 25, 33),
(703, '2025-02-25 13:01:37', 3, 'Horrible taste', 31, 33),
(704, '2025-01-24 02:42:15', 3, 'Horrible taste', 31, 37),
(705, '2024-09-03 13:06:38', 5, 'My kids love this product', 38, 18),
(706, '2025-04-21 14:04:52', 4, 'Great Snack for Studying', 26, 26),
(707, '2025-03-17 08:28:30', 3, 'Yummy', 46, 28),
(708, '2024-06-19 13:59:37', 1, 'Great Snack for Studying', 31, 17),
(709, '2024-06-02 08:34:35', 1, 'Great Snack for Studying', 36, 39),
(710, '2024-07-05 20:29:27', 1, 'Yummy', 31, 31),
(711, '2025-02-02 18:48:43', 4, 'Absolutely disgusting', 44, 29),
(712, '2025-05-17 15:10:26', 4, 'Great Snack for Studying', 25, 23),
(713, '2024-07-20 02:46:09', 2, 'Absolutely disgusting', 34, 37),
(714, '2024-10-18 01:51:25', 4, 'Yummy', 33, 29),
(715, '2025-05-11 04:02:58', 1, 'Great Snack for Studying', 42, 26),
(716, '2024-10-25 03:20:55', 1, 'Yummy', 26, 39),
(717, '2024-11-18 05:54:41', 3, 'Great product', 25, 39);
INSERT INTO `Reviews` (`Review_ID`, `Date`, `Rating`, `review_text`, `Prod_ID`, `U_ID`) VALUES
(718, '2024-07-22 08:02:46', 3, 'Waste of money', 33, 24),
(719, '2025-04-02 13:49:33', 5, 'Great Snack for Studying', 28, 27),
(720, '2024-10-07 14:31:57', 2, 'Fantastic product', 23, 35),
(721, '2025-04-06 15:02:47', 2, 'Absolutely disgusting', 45, 23),
(722, '2025-03-26 06:43:09', 5, 'Great product', 33, 31),
(723, '2024-07-19 15:43:24', 5, 'Great Snack for Studying', 44, 23),
(724, '2025-02-22 11:10:30', 4, 'Great Snack for Studying', 36, 24),
(725, '2025-03-24 05:07:58', 5, 'Horrible taste', 39, 22),
(726, '2025-04-17 11:39:58', 2, 'Horrible taste', 33, 30),
(727, '2024-12-29 09:16:54', 2, 'Yummy', 34, 28),
(728, '2024-07-16 19:39:16', 1, 'Great product', 42, 25),
(729, '2024-09-07 20:41:44', 5, 'Great product', 33, 30),
(730, '2025-03-11 21:59:19', 1, 'Absolutely disgusting', 26, 19),
(731, '2024-09-13 17:47:38', 1, 'Absolutely disgusting', 33, 34),
(732, '2024-11-12 03:34:32', 1, 'Waste of money', 29, 23),
(733, '2024-12-09 22:39:31', 2, 'Yummy', 40, 32),
(734, '2024-10-04 16:03:47', 3, 'Horrible taste', 46, 33),
(735, '2025-03-08 00:24:02', 1, 'Fantastic product', 25, 19),
(736, '2024-11-06 01:38:59', 2, 'Yummy', 33, 35),
(737, '2024-11-11 22:41:36', 5, 'My kids love this product', 46, 16),
(738, '2025-05-23 08:31:00', 5, 'Absolutely disgusting', 34, 39),
(739, '2024-10-06 09:25:02', 2, 'Waste of money', 24, 28),
(740, '2024-11-01 04:20:01', 3, 'My kids love this product', 36, 31),
(741, '2024-06-16 05:34:50', 4, 'Horrible taste', 40, 29),
(742, '2025-03-04 09:12:36', 4, 'My kids love this product', 35, 33),
(743, '2024-06-18 19:53:42', 3, 'Great Snack for Studying', 40, 32),
(744, '2024-12-04 18:50:31', 4, 'Horrible taste', 38, 24),
(745, '2025-03-24 14:02:12', 3, 'Fantastic product', 23, 25),
(746, '2025-04-22 13:21:04', 3, 'Yummy', 40, 18),
(747, '2025-04-16 23:59:18', 5, 'Yummy', 36, 28),
(748, '2024-09-26 14:08:42', 1, 'Waste of money', 34, 39),
(749, '2024-08-21 01:09:12', 2, 'Waste of money', 35, 17),
(750, '2024-06-07 06:30:08', 3, 'Waste of money', 23, 36),
(751, '2025-05-07 03:41:58', 1, 'Fantastic product', 29, 30),
(752, '2024-09-10 11:27:37', 3, 'Absolutely disgusting', 26, 39),
(753, '2025-04-22 01:56:36', 3, 'Great Snack for Studying', 32, 22),
(754, '2025-02-03 22:19:37', 1, 'Great Snack for Studying', 25, 16),
(755, '2024-08-11 15:31:16', 5, 'Waste of money', 34, 21),
(756, '2024-11-04 17:09:12', 5, 'Great product', 47, 23),
(757, '2025-02-18 05:05:23', 5, 'Horrible taste', 33, 27),
(758, '2024-11-09 10:17:09', 5, 'Yummy', 23, 29),
(759, '2024-06-18 10:03:14', 1, 'Absolutely disgusting', 32, 26),
(760, '2025-05-01 10:15:21', 4, 'Yummy', 43, 22),
(761, '2025-04-08 10:14:49', 4, 'Waste of money', 44, 16),
(762, '2024-12-10 09:01:55', 4, 'Fantastic product', 46, 22),
(763, '2025-03-29 20:43:38', 2, 'Waste of money', 38, 33),
(764, '2024-07-14 22:10:18', 3, 'Great Snack for Studying', 35, 16),
(765, '2024-07-28 04:33:15', 2, 'Great product', 35, 25),
(766, '2024-10-26 10:19:45', 5, 'Waste of money', 40, 35),
(767, '2024-06-22 17:35:23', 5, 'Great Snack for Studying', 38, 30),
(768, '2025-04-11 01:25:18', 4, 'Great product', 37, 16),
(769, '2025-02-27 18:01:43', 1, 'Yummy', 46, 16),
(770, '2025-02-22 10:03:05', 3, 'My kids love this product', 23, 31),
(771, '2024-05-28 08:52:21', 4, 'Great product', 31, 16),
(772, '2025-05-10 22:49:32', 4, 'My kids love this product', 34, 30),
(773, '2025-03-06 17:26:44', 4, 'Great Snack for Studying', 23, 20),
(774, '2024-07-10 18:06:41', 2, 'Great Snack for Studying', 31, 16),
(775, '2025-05-09 22:58:06', 2, 'Great Snack for Studying', 23, 17),
(776, '2025-03-19 05:37:18', 3, 'Yummy', 40, 21),
(777, '2024-08-23 20:42:11', 5, 'Great Snack for Studying', 38, 17),
(778, '2025-05-05 08:08:47', 1, 'Horrible taste', 32, 16),
(779, '2024-12-03 15:35:38', 2, 'Fantastic product', 43, 37),
(780, '2025-05-22 13:20:36', 4, 'Yummy', 32, 24),
(781, '2024-06-16 17:54:55', 2, 'My kids love this product', 30, 36),
(782, '2025-02-13 19:41:35', 1, 'Waste of money', 27, 30),
(783, '2025-01-13 00:52:45', 1, 'My kids love this product', 42, 30),
(784, '2025-03-16 13:32:35', 2, 'Great product', 38, 24),
(785, '2024-07-27 04:41:48', 2, 'Great Snack for Studying', 41, 22),
(786, '2025-03-06 10:45:25', 3, 'Great product', 45, 17),
(787, '2024-12-27 09:17:05', 4, 'Horrible taste', 33, 28),
(788, '2024-12-19 21:38:11', 4, 'Great Snack for Studying', 30, 29),
(789, '2024-07-01 18:37:14', 4, 'Horrible taste', 24, 16),
(790, '2024-09-27 13:11:22', 1, 'Waste of money', 33, 28),
(791, '2025-04-03 20:30:40', 4, 'Horrible taste', 28, 19),
(792, '2024-09-09 05:24:57', 1, 'Absolutely disgusting', 47, 19),
(793, '2025-03-11 00:45:31', 1, 'Waste of money', 33, 22),
(794, '2025-04-25 21:20:06', 1, 'Absolutely disgusting', 25, 26),
(795, '2025-01-28 17:46:24', 1, 'Fantastic product', 29, 36),
(796, '2024-12-31 09:59:14', 5, 'Absolutely disgusting', 28, 36),
(797, '2025-04-21 00:55:27', 2, 'Yummy', 37, 34),
(798, '2025-03-06 22:27:51', 4, 'My kids love this product', 46, 24),
(799, '2024-07-07 20:36:23', 2, 'Absolutely disgusting', 34, 16),
(800, '2024-07-09 22:11:48', 5, 'Horrible taste', 30, 19),
(801, '2024-11-15 22:49:13', 1, 'Fantastic product', 24, 24),
(802, '2024-10-21 10:41:00', 1, 'My kids love this product', 42, 16),
(803, '2024-08-15 02:39:48', 2, 'Fantastic product', 37, 23),
(804, '2025-01-20 19:13:48', 3, 'Great product', 25, 19),
(805, '2025-01-12 15:41:53', 2, 'Great product', 25, 31),
(806, '2025-05-13 08:12:03', 4, 'Waste of money', 34, 38),
(807, '2024-07-08 06:10:47', 4, 'My kids love this product', 34, 21),
(808, '2024-07-24 08:14:57', 3, 'Fantastic product', 34, 22),
(809, '2024-08-03 02:56:03', 1, 'Absolutely disgusting', 39, 30),
(810, '2024-07-18 18:53:12', 1, 'Yummy', 35, 35),
(811, '2025-01-10 05:22:58', 4, 'Waste of money', 33, 24),
(812, '2024-10-10 18:29:28', 1, 'Fantastic product', 33, 37),
(813, '2025-05-23 14:54:10', 3, 'Horrible taste', 39, 24),
(814, '2024-06-16 01:26:38', 2, 'Fantastic product', 42, 30),
(815, '2025-02-16 03:44:24', 2, 'Great product', 26, 16),
(816, '2025-04-25 21:17:35', 3, 'Great product', 42, 19),
(817, '2025-03-20 02:16:20', 4, 'Yummy', 42, 18),
(818, '2024-06-15 02:02:43', 3, 'Yummy', 42, 35),
(819, '2025-02-16 10:28:05', 4, 'Great Snack for Studying', 38, 29),
(820, '2025-04-14 02:03:19', 4, 'Waste of money', 39, 21),
(821, '2025-05-13 16:05:22', 1, 'Waste of money', 35, 35),
(822, '2024-07-23 00:25:33', 1, 'My kids love this product', 47, 36),
(823, '2024-06-16 16:22:53', 2, 'Absolutely disgusting', 29, 30),
(824, '2024-09-17 01:28:27', 3, 'Yummy', 24, 20),
(825, '2024-08-21 10:18:40', 4, 'Yummy', 30, 23),
(826, '2025-01-10 02:53:11', 5, 'Fantastic product', 41, 25),
(827, '2025-03-01 22:33:16', 3, 'Great product', 42, 36),
(828, '2024-08-31 11:04:43', 5, 'Great Snack for Studying', 23, 18),
(829, '2025-05-21 01:58:20', 1, 'Great product', 32, 19),
(830, '2025-02-09 15:36:52', 4, 'Waste of money', 34, 38),
(831, '2025-03-25 01:56:06', 4, 'Waste of money', 46, 20),
(832, '2024-12-25 07:57:17', 3, 'Great Snack for Studying', 25, 21),
(833, '2025-02-04 10:24:02', 2, 'Horrible taste', 42, 20),
(834, '2024-09-28 07:51:48', 4, 'Fantastic product', 24, 20),
(835, '2024-10-27 04:56:03', 3, 'Yummy', 34, 23),
(836, '2025-03-25 02:21:40', 5, 'Horrible taste', 32, 32),
(837, '2024-08-18 02:45:32', 1, 'Great Snack for Studying', 31, 37),
(838, '2024-07-09 23:21:54', 5, 'Horrible taste', 35, 31),
(839, '2024-09-26 06:11:05', 1, 'Waste of money', 39, 24),
(840, '2024-10-17 08:03:16', 5, 'My kids love this product', 26, 34),
(841, '2025-03-08 00:32:25', 3, 'Absolutely disgusting', 24, 33),
(842, '2024-08-30 23:01:09', 2, 'Fantastic product', 46, 34),
(843, '2025-05-20 11:13:53', 4, 'Horrible taste', 44, 26),
(844, '2025-04-02 05:39:26', 5, 'Yummy', 25, 39),
(845, '2024-06-21 19:45:33', 3, 'Waste of money', 44, 34),
(846, '2024-06-03 20:25:17', 4, 'My kids love this product', 39, 39),
(847, '2025-03-13 03:34:45', 5, 'Great product', 34, 25),
(848, '2024-11-18 05:18:59', 4, 'Fantastic product', 31, 38),
(849, '2024-07-27 04:06:49', 5, 'Yummy', 45, 29),
(850, '2025-05-08 23:41:30', 2, 'Great product', 42, 36),
(851, '2024-11-27 11:07:20', 4, 'Horrible taste', 26, 16),
(852, '2024-12-21 09:11:58', 1, 'Great Snack for Studying', 26, 24),
(853, '2024-12-24 15:33:56', 3, 'Yummy', 41, 30),
(854, '2025-05-12 12:04:19', 5, 'My kids love this product', 23, 32),
(855, '2025-04-29 14:05:54', 1, 'Great product', 39, 38),
(856, '2025-02-11 01:49:07', 3, 'Great product', 45, 25),
(857, '2025-03-07 02:22:57', 2, 'Great Snack for Studying', 39, 21),
(858, '2024-12-01 01:37:21', 3, 'Horrible taste', 30, 36),
(859, '2024-12-29 17:35:16', 2, 'My kids love this product', 43, 33),
(860, '2024-07-06 23:21:10', 5, 'Great product', 30, 38),
(861, '2024-07-08 17:59:47', 5, 'Great product', 44, 24),
(862, '2024-11-08 10:23:39', 3, 'Horrible taste', 23, 26),
(863, '2025-02-01 01:35:39', 4, 'Great product', 25, 17),
(864, '2025-03-01 12:36:25', 1, 'Waste of money', 47, 35),
(865, '2024-07-21 04:55:26', 2, 'Absolutely disgusting', 39, 36),
(866, '2024-06-18 00:52:23', 3, 'Waste of money', 44, 29),
(867, '2024-06-22 12:36:24', 4, 'Fantastic product', 41, 33),
(868, '2024-10-19 10:54:25', 5, 'Great Snack for Studying', 34, 19),
(869, '2025-01-11 11:16:31', 4, 'Fantastic product', 41, 38),
(870, '2025-03-31 13:34:57', 4, 'Yummy', 44, 30),
(871, '2025-04-14 22:01:53', 1, 'Yummy', 28, 38),
(872, '2024-08-29 04:37:06', 3, 'Waste of money', 33, 29),
(873, '2024-10-25 21:54:20', 3, 'Great Snack for Studying', 34, 31),
(874, '2025-03-01 23:47:42', 5, 'Absolutely disgusting', 23, 20),
(875, '2024-10-29 01:42:14', 2, 'Fantastic product', 32, 30),
(876, '2024-11-24 10:39:12', 4, 'Yummy', 45, 23),
(877, '2025-05-14 19:56:15', 1, 'Waste of money', 26, 36),
(878, '2024-11-17 10:17:43', 3, 'Yummy', 34, 19),
(879, '2024-11-18 00:08:00', 4, 'Fantastic product', 44, 16),
(880, '2024-07-15 12:55:40', 5, 'Yummy', 38, 20),
(881, '2024-07-01 06:26:31', 5, 'Waste of money', 31, 28),
(882, '2024-10-19 07:16:22', 1, 'Great Snack for Studying', 46, 22),
(883, '2025-05-15 15:20:43', 5, 'Great product', 41, 33),
(884, '2025-05-21 18:59:13', 3, 'My kids love this product', 35, 17),
(885, '2024-12-28 19:48:39', 5, 'Great Snack for Studying', 25, 25),
(886, '2024-11-23 22:25:15', 3, 'My kids love this product', 23, 36),
(887, '2024-08-14 17:28:41', 2, 'Absolutely disgusting', 45, 39),
(888, '2024-07-07 09:16:10', 5, 'Great product', 44, 17),
(889, '2024-08-10 08:05:21', 3, 'Yummy', 29, 31),
(890, '2024-09-08 18:30:29', 4, 'Horrible taste', 41, 17),
(891, '2025-03-20 20:11:29', 1, 'Horrible taste', 31, 24),
(892, '2025-05-25 20:44:11', 3, 'My kids love this product', 26, 17),
(893, '2024-06-13 06:38:23', 2, 'Horrible taste', 26, 39),
(894, '2025-04-21 04:28:46', 4, 'My kids love this product', 34, 39),
(895, '2024-12-16 17:09:23', 4, 'Waste of money', 26, 31),
(896, '2025-03-28 03:43:09', 3, 'Great Snack for Studying', 39, 25),
(897, '2024-06-23 00:28:10', 1, 'Great Snack for Studying', 36, 36),
(898, '2024-09-18 14:30:49', 3, 'My kids love this product', 39, 19),
(899, '2025-02-10 09:48:56', 5, 'Great product', 30, 25),
(900, '2024-11-12 23:55:52', 5, 'Horrible taste', 26, 27),
(901, '2024-06-15 22:05:38', 5, 'My kids love this product', 44, 34),
(902, '2024-05-28 13:38:59', 2, 'Absolutely disgusting', 42, 23),
(903, '2025-02-02 17:59:55', 1, 'My kids love this product', 32, 16),
(904, '2024-06-17 06:30:46', 3, 'Great product', 29, 26),
(905, '2024-08-07 16:55:36', 3, 'Yummy', 33, 32),
(906, '2024-09-14 02:31:26', 1, 'Absolutely disgusting', 38, 32),
(907, '2024-06-12 14:27:36', 5, 'Yummy', 32, 25),
(908, '2024-08-11 10:44:34', 5, 'Great Snack for Studying', 45, 23),
(909, '2024-12-29 16:23:03', 5, 'Fantastic product', 41, 24),
(910, '2024-08-26 17:11:28', 2, 'My kids love this product', 34, 20),
(911, '2024-10-06 20:37:18', 1, 'Horrible taste', 40, 32),
(912, '2024-08-02 14:09:06', 1, 'Waste of money', 36, 22),
(913, '2025-01-28 06:32:00', 2, 'Waste of money', 44, 34),
(914, '2025-05-24 06:19:52', 5, 'Fantastic product', 28, 18),
(915, '2025-05-07 01:53:47', 1, 'Yummy', 41, 37),
(916, '2025-01-31 13:41:55', 5, 'Yummy', 46, 24),
(917, '2024-07-19 02:02:57', 1, 'Great product', 29, 30),
(918, '2025-02-11 02:49:31', 5, 'Great Snack for Studying', 25, 32),
(919, '2025-03-02 02:29:16', 3, 'Waste of money', 23, 20),
(920, '2024-11-15 16:03:54', 1, 'Absolutely disgusting', 38, 26),
(921, '2025-03-19 15:26:38', 2, 'Great product', 31, 28),
(922, '2024-12-27 10:47:43', 1, 'Great product', 30, 16),
(923, '2024-07-26 20:12:21', 2, 'My kids love this product', 46, 25),
(924, '2024-06-04 08:53:35', 2, 'Waste of money', 33, 23),
(925, '2025-03-15 13:55:32', 4, 'Great product', 26, 38),
(926, '2024-12-21 13:13:37', 2, 'Horrible taste', 32, 27),
(927, '2025-05-18 07:53:54', 3, 'Fantastic product', 30, 21),
(928, '2025-05-08 06:31:31', 5, 'Yummy', 34, 27),
(929, '2024-09-08 05:40:21', 1, 'Great product', 31, 26),
(930, '2025-05-01 14:40:51', 1, 'Great product', 36, 33),
(931, '2024-09-30 12:36:35', 1, 'Absolutely disgusting', 40, 21),
(932, '2024-10-01 09:33:40', 4, 'Great product', 45, 21),
(933, '2024-07-26 02:38:31', 5, 'Horrible taste', 45, 36),
(934, '2024-08-18 17:31:02', 1, 'Yummy', 39, 21),
(935, '2024-08-30 00:15:44', 2, 'Waste of money', 42, 27),
(936, '2024-09-22 18:14:57', 1, 'Horrible taste', 42, 27),
(937, '2024-08-01 22:12:25', 4, 'My kids love this product', 33, 19),
(938, '2024-10-07 17:48:22', 1, 'Fantastic product', 38, 19),
(939, '2025-04-29 09:29:28', 3, 'Fantastic product', 42, 21),
(940, '2024-09-09 20:53:22', 5, 'Absolutely disgusting', 36, 19),
(941, '2025-05-24 03:12:47', 4, 'Yummy', 34, 33),
(942, '2024-11-11 23:26:27', 3, 'Fantastic product', 34, 17),
(943, '2025-05-15 22:28:18', 4, 'Absolutely disgusting', 27, 16),
(944, '2024-10-13 18:57:22', 1, 'Absolutely disgusting', 25, 20),
(945, '2024-06-23 07:37:09', 2, 'Fantastic product', 35, 25),
(946, '2024-10-26 22:15:13', 4, 'Great Snack for Studying', 35, 34),
(947, '2024-12-05 09:16:55', 2, 'Yummy', 46, 24),
(948, '2025-02-27 17:36:46', 1, 'Fantastic product', 28, 20),
(949, '2025-02-16 21:04:06', 4, 'Horrible taste', 41, 18),
(950, '2025-02-01 01:33:50', 5, 'Great product', 34, 16),
(951, '2024-05-26 08:53:51', 1, 'Waste of money', 34, 24),
(952, '2024-08-16 12:14:04', 2, 'Yummy', 39, 30),
(953, '2024-09-24 15:56:50', 5, 'Absolutely disgusting', 38, 31),
(954, '2024-06-09 08:09:34', 5, 'Fantastic product', 33, 31),
(955, '2025-05-18 04:53:09', 4, 'Yummy', 24, 18),
(956, '2025-01-02 23:43:18', 4, 'My kids love this product', 35, 22),
(957, '2024-06-06 19:47:14', 3, 'Waste of money', 25, 32),
(958, '2025-01-14 01:05:41', 2, 'My kids love this product', 36, 37),
(959, '2024-09-17 04:12:05', 1, 'My kids love this product', 44, 33),
(960, '2024-10-07 02:30:54', 3, 'Horrible taste', 44, 39),
(961, '2024-10-16 05:17:56', 1, 'Yummy', 29, 36),
(962, '2024-08-21 09:03:34', 5, 'Great Snack for Studying', 43, 33),
(963, '2025-01-20 20:04:43', 1, 'Great Snack for Studying', 38, 18),
(964, '2025-01-23 10:56:13', 1, 'Horrible taste', 27, 32),
(965, '2024-10-24 10:06:11', 5, 'Fantastic product', 30, 37),
(966, '2024-08-21 12:02:03', 1, 'Absolutely disgusting', 36, 23),
(967, '2024-08-08 17:33:31', 5, 'Great Snack for Studying', 39, 39),
(968, '2024-10-27 11:35:35', 2, 'Horrible taste', 41, 23),
(969, '2024-12-22 22:30:00', 2, 'Great Snack for Studying', 43, 23),
(970, '2025-03-25 08:23:41', 3, 'Great product', 23, 27),
(971, '2025-05-14 19:55:52', 5, 'Yummy', 26, 20),
(972, '2025-03-14 19:12:18', 3, 'Yummy', 38, 31),
(973, '2024-10-14 12:28:41', 2, 'Waste of money', 25, 39),
(974, '2025-01-27 20:16:33', 4, 'Great Snack for Studying', 26, 24),
(975, '2024-06-21 22:09:39', 2, 'Great product', 28, 29),
(976, '2024-12-30 08:53:57', 3, 'Horrible taste', 44, 17),
(977, '2024-12-19 07:03:22', 2, 'Great product', 30, 21),
(978, '2024-06-23 06:21:12', 5, 'Yummy', 39, 31),
(979, '2024-11-16 18:29:50', 4, 'Horrible taste', 30, 30),
(980, '2024-11-17 10:42:15', 1, 'Great Snack for Studying', 87, 37),
(981, '2025-02-02 20:16:22', 5, 'Great product', 120, 32),
(982, '2025-02-14 05:38:42', 1, 'Great Snack for Studying', 128, 24),
(983, '2024-07-28 15:11:35', 4, 'Great Snack for Studying', 127, 38),
(984, '2024-07-05 03:16:00', 2, 'Fantastic product', 116, 35),
(985, '2024-10-13 20:58:55', 1, 'My kids love this product', 75, 16),
(986, '2024-10-16 19:04:51', 1, 'Waste of money', 129, 39),
(987, '2025-01-25 10:51:34', 5, 'Yummy', 107, 34),
(988, '2024-05-29 01:41:32', 1, 'My kids love this product', 119, 18),
(989, '2025-03-17 01:36:40', 1, 'Great Snack for Studying', 73, 19),
(990, '2024-09-13 18:06:36', 2, 'Horrible taste', 92, 38),
(991, '2025-04-03 10:10:09', 2, 'Great Snack for Studying', 87, 39),
(992, '2025-04-07 15:09:59', 4, 'Great Snack for Studying', 97, 29),
(993, '2024-12-31 19:42:42', 1, 'My kids love this product', 74, 22),
(994, '2024-07-29 15:16:07', 1, 'Absolutely disgusting', 75, 39),
(995, '2024-08-14 10:03:31', 2, 'Waste of money', 108, 31),
(996, '2025-01-08 07:58:43', 5, 'My kids love this product', 50, 28),
(997, '2025-04-02 14:05:44', 3, 'Horrible taste', 130, 18),
(998, '2025-04-03 01:09:18', 2, 'Absolutely disgusting', 118, 18),
(999, '2024-08-01 22:00:54', 3, 'Absolutely disgusting', 116, 26),
(1000, '2024-11-11 19:11:11', 2, 'Horrible taste', 107, 28),
(1001, '2024-07-08 02:14:14', 3, 'Fantastic product', 69, 21),
(1002, '2024-12-02 04:51:22', 4, 'Horrible taste', 137, 21),
(1003, '2024-08-19 14:02:00', 3, 'Waste of money', 51, 33),
(1004, '2024-08-20 11:54:51', 1, 'Horrible taste', 81, 27),
(1005, '2025-05-21 02:52:07', 3, 'Waste of money', 129, 21),
(1006, '2024-08-27 22:41:02', 2, 'Waste of money', 116, 35),
(1007, '2025-02-08 18:05:06', 5, 'Yummy', 63, 30),
(1008, '2025-05-20 06:55:59', 4, 'Waste of money', 135, 29),
(1009, '2024-07-02 04:22:23', 5, 'Waste of money', 88, 18),
(1010, '2024-11-01 15:44:19', 3, 'My kids love this product', 68, 20),
(1011, '2025-02-04 10:20:29', 1, 'Waste of money', 103, 16),
(1012, '2024-07-11 17:37:53', 2, 'Absolutely disgusting', 62, 35),
(1013, '2024-11-23 10:51:06', 3, 'Fantastic product', 91, 30),
(1014, '2025-04-17 22:50:54', 3, 'Great product', 61, 30),
(1015, '2024-06-22 11:57:57', 1, 'Fantastic product', 106, 19),
(1016, '2025-04-17 12:35:07', 3, 'Waste of money', 88, 20),
(1017, '2025-03-20 01:47:52', 4, 'Fantastic product', 136, 38),
(1018, '2024-07-03 12:06:43', 4, 'Horrible taste', 136, 23),
(1019, '2024-11-23 01:22:24', 1, 'My kids love this product', 54, 20),
(1020, '2025-05-07 23:15:02', 1, 'Absolutely disgusting', 89, 22),
(1021, '2024-12-09 02:46:31', 3, 'My kids love this product', 131, 19),
(1022, '2024-06-06 09:14:14', 1, 'Great product', 129, 34),
(1023, '2024-07-16 09:26:04', 3, 'Fantastic product', 115, 35),
(1024, '2025-03-04 16:30:06', 4, 'Fantastic product', 62, 20),
(1025, '2024-12-18 21:50:59', 1, 'My kids love this product', 80, 25),
(1026, '2024-07-22 22:08:48', 5, 'My kids love this product', 119, 25),
(1027, '2024-11-01 21:55:55', 1, 'Yummy', 90, 33),
(1028, '2025-04-23 16:46:20', 3, 'Horrible taste', 89, 21),
(1029, '2025-01-05 20:52:59', 3, 'My kids love this product', 106, 27),
(1030, '2025-05-22 00:47:39', 5, 'Great Snack for Studying', 98, 28),
(1031, '2024-10-25 23:36:13', 5, 'Great Snack for Studying', 73, 32),
(1032, '2024-10-13 00:00:37', 1, 'Absolutely disgusting', 56, 23),
(1033, '2024-08-03 06:36:02', 3, 'Great Snack for Studying', 69, 21),
(1034, '2024-09-27 15:36:13', 1, 'Great product', 104, 35),
(1035, '2024-09-25 06:54:59', 5, 'My kids love this product', 138, 20),
(1036, '2024-11-18 23:03:05', 2, 'Yummy', 66, 24),
(1037, '2024-06-18 15:17:15', 1, 'Great product', 101, 39),
(1038, '2024-09-02 17:29:22', 2, 'Fantastic product', 113, 17),
(1039, '2024-06-06 23:47:37', 3, 'Horrible taste', 51, 34),
(1040, '2025-01-17 01:52:59', 4, 'Yummy', 119, 23),
(1041, '2024-10-06 12:46:35', 5, 'Great Snack for Studying', 116, 30),
(1042, '2024-10-15 21:40:47', 2, 'Yummy', 81, 28),
(1043, '2024-11-18 13:06:00', 2, 'Great Snack for Studying', 65, 21),
(1044, '2025-03-23 16:36:38', 4, 'Yummy', 77, 24),
(1045, '2024-06-01 23:24:27', 5, 'My kids love this product', 75, 35),
(1046, '2025-05-18 02:14:27', 2, 'My kids love this product', 50, 25),
(1047, '2024-12-10 04:43:27', 4, 'Fantastic product', 78, 17),
(1048, '2025-02-26 17:30:23', 5, 'My kids love this product', 125, 35),
(1049, '2024-08-30 11:11:47', 5, 'Great product', 98, 30),
(1050, '2024-07-14 21:48:37', 5, 'Yummy', 95, 25),
(1051, '2025-01-21 18:32:34', 5, 'My kids love this product', 51, 17),
(1052, '2024-09-22 16:51:39', 5, 'Waste of money', 138, 19),
(1053, '2024-07-18 14:09:21', 4, 'Horrible taste', 131, 38),
(1054, '2024-10-16 12:53:15', 5, 'Great product', 53, 22),
(1055, '2024-07-22 18:21:05', 3, 'Fantastic product', 72, 36),
(1056, '2024-08-11 21:50:01', 2, 'Absolutely disgusting', 102, 30),
(1057, '2025-03-20 11:52:26', 3, 'Great Snack for Studying', 95, 16),
(1058, '2024-10-04 13:21:06', 1, 'Great Snack for Studying', 137, 19),
(1059, '2024-06-18 17:43:49', 5, 'Waste of money', 52, 34),
(1060, '2024-06-22 12:36:52', 5, 'Fantastic product', 99, 35),
(1061, '2025-02-03 21:39:13', 4, 'Horrible taste', 53, 24),
(1062, '2024-10-24 17:54:37', 4, 'Yummy', 109, 35),
(1063, '2024-11-01 03:31:51', 4, 'Fantastic product', 72, 37),
(1064, '2025-01-20 13:41:22', 2, 'Great Snack for Studying', 85, 20),
(1065, '2024-07-08 12:04:37', 3, 'Great Snack for Studying', 111, 29),
(1066, '2025-02-26 02:02:06', 4, 'Waste of money', 105, 30),
(1067, '2025-04-26 04:11:14', 2, 'Yummy', 59, 37),
(1068, '2024-11-30 23:06:08', 2, 'Waste of money', 138, 18),
(1069, '2024-11-07 15:20:09', 1, 'Waste of money', 101, 25),
(1070, '2025-05-18 10:57:02', 1, 'Yummy', 123, 36),
(1071, '2025-02-05 01:38:32', 3, 'Great product', 57, 38),
(1072, '2024-11-01 18:11:15', 2, 'Great product', 86, 18),
(1073, '2025-01-15 22:57:48', 3, 'My kids love this product', 102, 19),
(1074, '2024-10-29 14:21:26', 3, 'Great Snack for Studying', 67, 34),
(1075, '2024-10-01 08:46:31', 3, 'Fantastic product', 107, 27),
(1076, '2024-07-06 11:59:39', 4, 'Fantastic product', 54, 27),
(1077, '2024-08-06 11:08:49', 4, 'Waste of money', 130, 20),
(1078, '2025-03-29 05:48:57', 2, 'Great product', 70, 30),
(1079, '2025-03-24 18:02:37', 5, 'Waste of money', 72, 36),
(1080, '2025-04-10 23:43:29', 1, 'Waste of money', 129, 22),
(1081, '2025-04-01 00:52:27', 3, 'Yummy', 133, 24),
(1082, '2024-11-13 09:49:02', 5, 'Waste of money', 109, 35),
(1083, '2024-10-04 10:42:25', 1, 'Yummy', 111, 17),
(1084, '2024-10-12 23:11:41', 5, 'Fantastic product', 125, 26),
(1085, '2025-04-08 17:24:29', 4, 'Great product', 125, 24),
(1086, '2025-05-04 07:28:51', 3, 'Waste of money', 73, 27),
(1087, '2024-11-28 11:13:10', 2, 'Fantastic product', 78, 37),
(1088, '2025-02-08 16:16:18', 3, 'Great product', 111, 37),
(1089, '2024-07-14 23:13:10', 4, 'Great product', 83, 32),
(1090, '2025-02-15 12:05:30', 5, 'Horrible taste', 129, 20),
(1091, '2024-07-29 19:16:49', 4, 'Yummy', 107, 38),
(1092, '2024-09-29 21:11:50', 4, 'Fantastic product', 55, 38),
(1093, '2025-02-26 03:09:38', 4, 'My kids love this product', 126, 37),
(1094, '2024-07-18 07:21:09', 4, 'Absolutely disgusting', 101, 27),
(1095, '2025-02-06 17:27:46', 1, 'Waste of money', 74, 35),
(1096, '2024-09-17 02:10:00', 5, 'Great Snack for Studying', 132, 24),
(1097, '2025-05-24 00:05:13', 4, 'Horrible taste', 102, 25),
(1098, '2024-06-19 05:25:01', 2, 'Horrible taste', 83, 29),
(1099, '2024-11-12 18:25:58', 5, 'Great Snack for Studying', 103, 28),
(1100, '2024-09-04 08:55:19', 2, 'Fantastic product', 66, 27),
(1101, '2025-01-18 22:44:34', 5, 'Waste of money', 55, 38),
(1102, '2024-06-03 09:54:31', 1, 'Horrible taste', 136, 16),
(1103, '2025-02-07 02:20:16', 1, 'Fantastic product', 88, 33),
(1104, '2025-04-20 19:44:00', 2, 'My kids love this product', 98, 17),
(1105, '2024-09-21 15:30:48', 3, 'Great product', 121, 17),
(1106, '2024-12-07 23:08:17', 3, 'Horrible taste', 99, 38),
(1107, '2025-01-09 11:24:29', 1, 'Waste of money', 64, 36),
(1108, '2024-08-08 21:54:59', 1, 'Great product', 136, 37),
(1109, '2025-05-01 01:36:29', 1, 'Yummy', 65, 30),
(1110, '2024-09-17 07:09:21', 1, 'Fantastic product', 67, 38),
(1111, '2025-03-06 17:46:45', 4, 'Great Snack for Studying', 68, 16),
(1112, '2024-08-15 02:23:17', 5, 'Waste of money', 126, 21),
(1113, '2024-06-28 04:49:57', 2, 'Great product', 86, 18),
(1114, '2024-11-24 12:39:21', 3, 'Fantastic product', 84, 16),
(1115, '2024-06-19 03:55:03', 3, 'Great Snack for Studying', 47, 29),
(1116, '2024-10-26 21:58:16', 5, 'Fantastic product', 56, 34),
(1117, '2024-06-01 09:00:01', 3, 'Fantastic product', 103, 23),
(1118, '2025-04-21 18:58:14', 5, 'Waste of money', 123, 25),
(1119, '2024-11-15 02:58:37', 1, 'Absolutely disgusting', 50, 22),
(1120, '2025-02-16 13:31:14', 2, 'Great Snack for Studying', 85, 28),
(1121, '2025-01-27 14:04:52', 5, 'Great product', 91, 32),
(1122, '2024-11-03 17:42:19', 3, 'My kids love this product', 83, 37),
(1123, '2024-11-14 07:41:04', 3, 'My kids love this product', 81, 19),
(1124, '2025-02-19 19:19:58', 5, 'Yummy', 101, 19),
(1125, '2025-05-20 19:24:12', 5, 'Great Snack for Studying', 131, 17),
(1126, '2024-07-09 04:04:48', 2, 'Yummy', 113, 22),
(1127, '2024-12-30 05:06:09', 5, 'Great product', 51, 24),
(1128, '2024-11-20 09:53:25', 2, 'Absolutely disgusting', 75, 27),
(1129, '2024-12-20 07:08:45', 1, 'Waste of money', 98, 17),
(1130, '2024-09-04 02:36:06', 2, 'Horrible taste', 50, 34),
(1131, '2024-07-01 12:31:57', 5, 'Horrible taste', 49, 19),
(1132, '2024-12-28 16:23:22', 3, 'Absolutely disgusting', 98, 20),
(1133, '2025-05-04 16:33:38', 2, 'Great Snack for Studying', 71, 24),
(1134, '2024-06-08 20:23:31', 5, 'Horrible taste', 123, 26),
(1135, '2024-12-16 06:46:43', 2, 'Waste of money', 128, 21),
(1136, '2024-10-08 03:02:09', 1, 'Waste of money', 81, 33),
(1137, '2024-09-14 18:18:03', 1, 'Waste of money', 62, 21),
(1138, '2025-02-08 08:33:07', 3, 'Great Snack for Studying', 89, 19),
(1139, '2024-07-04 14:48:00', 5, 'Yummy', 104, 29),
(1140, '2024-05-29 22:33:35', 4, 'Absolutely disgusting', 96, 34),
(1141, '2024-05-28 14:01:44', 1, 'Absolutely disgusting', 136, 18),
(1142, '2025-02-06 18:49:06', 5, 'Waste of money', 56, 26),
(1143, '2024-12-30 06:35:10', 5, 'Yummy', 130, 23),
(1144, '2024-07-10 07:17:06', 4, 'Fantastic product', 65, 24),
(1145, '2024-12-25 22:01:04', 1, 'Great Snack for Studying', 48, 23),
(1146, '2024-12-16 08:13:26', 5, 'Absolutely disgusting', 103, 27),
(1147, '2024-10-29 20:43:27', 2, 'Absolutely disgusting', 118, 32),
(1148, '2024-11-23 07:06:32', 2, 'Waste of money', 94, 26),
(1149, '2025-03-06 09:58:05', 4, 'Yummy', 129, 19),
(1150, '2024-06-14 03:36:56', 1, 'Great Snack for Studying', 128, 22),
(1151, '2024-08-25 04:58:11', 2, 'Waste of money', 117, 33),
(1152, '2024-09-09 09:28:26', 5, 'Fantastic product', 113, 34),
(1153, '2024-08-25 19:02:39', 1, 'My kids love this product', 117, 25),
(1154, '2024-09-30 22:34:31', 5, 'Yummy', 93, 29),
(1155, '2024-12-15 10:57:32', 1, 'Great product', 52, 16),
(1156, '2025-05-15 17:51:49', 4, 'Great product', 124, 17),
(1157, '2024-11-04 08:22:25', 1, 'Great Snack for Studying', 78, 36),
(1158, '2024-07-09 05:43:14', 1, 'Absolutely disgusting', 116, 36),
(1159, '2024-10-18 04:10:11', 5, 'Absolutely disgusting', 123, 17),
(1160, '2024-07-08 07:02:22', 4, 'Yummy', 90, 37),
(1161, '2024-08-18 09:18:36', 1, 'Great Snack for Studying', 93, 27),
(1162, '2025-01-11 19:37:41', 4, 'Fantastic product', 93, 32),
(1163, '2024-05-28 16:53:52', 1, 'Horrible taste', 95, 25),
(1164, '2024-06-22 21:57:12', 5, 'Great product', 71, 21),
(1165, '2025-04-27 07:57:04', 4, 'Absolutely disgusting', 81, 39),
(1166, '2024-11-02 11:46:51', 1, 'Great product', 107, 28),
(1167, '2024-10-04 14:30:08', 3, 'Great Snack for Studying', 51, 39),
(1168, '2025-02-17 13:02:10', 3, 'Fantastic product', 81, 32),
(1169, '2024-09-20 02:29:48', 3, 'My kids love this product', 67, 22),
(1170, '2024-11-11 06:21:06', 4, 'Great Snack for Studying', 115, 34),
(1171, '2024-06-11 12:35:10', 2, 'Yummy', 79, 36),
(1172, '2024-07-11 06:59:17', 1, 'Yummy', 134, 21),
(1173, '2025-01-28 01:16:09', 2, 'Great Snack for Studying', 49, 22),
(1174, '2024-06-28 07:57:56', 2, 'Fantastic product', 97, 22),
(1175, '2025-05-11 07:17:54', 4, 'Horrible taste', 110, 35),
(1176, '2024-11-07 21:20:45', 3, 'Fantastic product', 68, 37),
(1177, '2024-11-04 03:14:32', 5, 'Great product', 112, 38),
(1178, '2024-11-13 06:37:53', 3, 'Fantastic product', 132, 24),
(1179, '2024-11-25 21:03:45', 4, 'Waste of money', 74, 34);

-- --------------------------------------------------------

--
-- Table structure for table `Users`
--

CREATE TABLE `Users` (
  `User_ID` int(11) NOT NULL,
  `Name` varchar(20) NOT NULL,
  `Surname` varchar(20) NOT NULL,
  `Email` varchar(40) NOT NULL,
  `Cell_No` varchar(10) DEFAULT NULL,
  `User_Type` enum('normal','admin') NOT NULL DEFAULT 'normal',
  `Password` varchar(325) NOT NULL,
  `Salt` varchar(325) NOT NULL,
  `API_Key` varchar(100) NOT NULL,
  `XP` int(11) NOT NULL DEFAULT 0 COMMENT 'EXPERIENCE POINTS AUTOMATICALLY 0\r\n'
) ENGINE=InnoDB DEFAULT CHARSET=utf8mb4 COLLATE=utf8mb4_general_ci;

--
-- Dumping data for table `Users`
--

INSERT INTO `Users` (`User_ID`, `Name`, `Surname`, `Email`, `Cell_No`, `User_Type`, `Password`, `Salt`, `API_Key`, `XP`) VALUES
(1, 'TestName', 'TestSurname', 'testemail@test.com', NULL, 'normal', '$argon2id$v=19$m=65536,t=4,p=1$eGFJS09SWUFmS3BZQzdOUA$Ty0jwwl+QMWfg6+FfhkAP8t8kG2fhSf+Usq42tvcYc0', '793b39ddded39ba6ab618fa2d9ab2b08', '766d4969d53b80ae446ef13d892736ff', 0),
(16, 'Thabo', 'Mbeki', 'admin1@retailtrack.co.za', '0821234567', 'admin', '$argon2id$v=19$m=65536,t=4,p=1$eGFJS09SWUFmS3BZQzdOUA$Ty0jwwl+QMWfg6+FfhkAP8t8kG2fhSf+Usq42tvcYc1', '793b39ddded39ba6ab618fa2d9ab2b08', '766d4969d53b80ae446ef13d892736f1', 0),
(17, 'Nelson', 'Mandela', 'n.mandela@retailtrack.co.za', '0836547890', 'admin', '$argon2id$v=19$m=65536,t=4,p=1$eGFJS09SWUFmS3BZQzdOUB$Ty0jwwl+QMWfg6+FfhkAP8t8kG2fhSf+Usq42tvcYc2', '793b39ddded39ba6ab618fa2d9ab2b09', '766d4969d53b80ae446ef13d892736f2', 0),
(18, 'Lerato', 'Moloi', 'lerato.m@email.co.za', '0712345678', 'normal', '$argon2id$v=19$m=65536,t=4,p=1$eGFJS09SWUFmS3BZQzdOUC$Ty0jwwl+QMWfg6+FfhkAP8t8kG2fhSf+Usq42tvcYc3', '793b39ddded39ba6ab618fa2d9ab2b10', '766d4969d53b80ae446ef13d892736f3', 0),
(19, 'Sipho', 'Dlamini', 's.dlamini@gmail.com', '0723456789', 'normal', '$argon2id$v=19$m=65536,t=4,p=1$eGFJS09SWUFmS3BZQzdOUD$Ty0jwwl+QMWfg6+FfhkAP8t8kG2fhSf+Usq42tvcYc4', '793b39ddded39ba6ab618fa2d9ab2b11', '766d4969d53b80ae446ef13d892736f4', 0),
(20, 'Amahle', 'Botha', 'a.botha@yahoo.com', '0734567890', 'normal', '$argon2id$v=19$m=65536,t=4,p=1$eGFJS09SWUFmS3BZQzdOUE$Ty0jwwl+QMWfg6+FfhkAP8t8kG2fhSf+Usq42tvcYc5', '793b39ddded39ba6ab618fa2d9ab2b12', '766d4969d53b80ae446ef13d892736f5', 0),
(21, 'Pieter', 'van der Merwe', 'pieter.vdm@workmail.com', '0745678901', 'normal', '$argon2id$v=19$m=65536,t=4,p=1$eGFJS09SWUFmS3BZQzdOUF$Ty0jwwl+QMWfg6+FfhkAP8t8kG2fhSf+Usq42tvcYc6', '793b39ddded39ba6ab618fa2d9ab2b13', '766d4969d53b80ae446ef13d892736f6', 0),
(22, 'Nomfundo', 'Zulu', 'nzulu@students.wits.ac.za', '0841234567', 'normal', '$argon2id$v=19$m=65536,t=4,p=1$eGFJS09SWUFmS3BZQzdOUG$Ty0jwwl+QMWfg6+FfhkAP8t8kG2fhSf+Usq42tvcYc7', '793b39ddded39ba6ab618fa2d9ab2b14', '766d4969d53b80ae446ef13d892736f7', 0),
(23, 'James', 'Smith', 'j.smith@business.co.za', '0852345678', 'normal', '$argon2id$v=19$m=65536,t=4,p=1$eGFJS09SWUFmS3BZQzdOUH$Ty0jwwl+QMWfg6+FfhkAP8t8kG2fhSf+Usq42tvcYc8', '793b39ddded39ba6ab618fa2d9ab2b15', '766d4969d53b80ae446ef13d892736f8', 0),
(24, 'Precious', 'Nkosi', 'precious.n@outlook.com', '0863456789', 'normal', '$argon2id$v=19$m=65536,t=4,p=1$eGFJS09SWUFmS3BZQzdOUI$Ty0jwwl+QMWfg6+FfhkAP8t8kG2fhSf+Usq42tvcYc9', '793b39ddded39ba6ab618fa2d9ab2b16', '766d4969d53b80ae446ef13d892736f9', 0),
(25, 'Fatima', 'Mohammed', 'fatima.m@capetown.gov.za', '0874567890', 'normal', '$argon2id$v=19$m=65536,t=4,p=1$eGFJS09SWUFmS3BZQzdOUJ$Ty0jwwl+QMWfg6+FfhkAP8t8kG2fhSf+Usq42tvcYd0', '793b39ddded39ba6ab618fa2d9ab2b17', '766d4969d53b80ae446ef13d892736fa', 0),
(26, 'Liam', 'Daniels', 'liam.daniels@example.com', '0823948571', 'admin', '$argon2id$v=19$m=65536,t=4,p=1$RS8zY0hKc29RdE1BVGNkVw$vFEjKn11fCGS0DrE8FwuDncWaqW1gL1RJZXiLetANto', 'dc431b5052d9dd3ff146cdb7d4462165', 'ba211dc33a52cf1606ed6799d701b9d6', 0),
(27, 'Zara', 'Mokoena', 'zara.mokoena@example.com', '0739821457', 'normal', '$argon2id$v=19$m=65536,t=4,p=1$R1BjL1c0bnRNODZ0ZDhwQQ$h6ujbwfdv3qyc5sABU6aEnYKxYx+kkTmeTzOSewv+ew', '6b897aa89a41901b7263fb120b2713f7', '5deb5b5dc9ee36cf914781c8fd6a6cea', 0),
(28, 'Naledi', 'Jacobs', 'naledi.jacobs@example.com', '0791234567', 'admin', '$argon2id$v=19$m=65536,t=4,p=1$M0h4dzZaSEhZMG1XYTVKOA$JSMbf8EARiNZJUuFpHU1xVLf9Dp+qDNMdyUhdTW9M2Y', '5e28888bb342d7e71d064b5eaa67e569', '0eaeab181a301dd73942927321147892', 0),
(29, 'James', 'Smith', 'james.smith@example.com', '0843219087', 'normal', '$argon2id$v=19$m=65536,t=4,p=1$eDVlMjdtLldMSFc3WlJkOA$x+G4zep+kj5d1TUjj3gShDv1Cw0rDmnqUpwNcbAxEJI', 'b020d36ef4836cb907d4ba468733e615', '9bd5227967ef2dea61a57a88a26800f5', 0),
(30, 'Emily', 'Meyer', 'emily.meyer@example.com', '0609483726', 'normal', '$argon2id$v=19$m=65536,t=4,p=1$NGJUL2NvR2pyazZKRG5xLg$LYZpxurqIZt9iIfxkHCPxU7P7XO6DDxeha18UvWL+6c', '9f38271172ec7f80cda1f46079a0b0c5', 'abd07d2f4cd412371918f2a7b461920f', 0),
(31, 'Thabo', 'Nkosi', 'thabo.nkosi@example.com', '0763489021', 'admin', '$argon2id$v=19$m=65536,t=4,p=1$MFVxTnVLQ2tpbnZvMU81UA$uSfRMy8APm+p00Ji5f0KIydIBY8UlphLHCkm6DCYdBM', 'c986364ce995a11d964e9a4e45f0a15e', '6ce1eba2896174c2d4d5d92ea1c46952', 0),
(32, 'Sipho', 'Khoza', 'sipho.khoza@example.com', '0837654910', 'admin', '$argon2id$v=19$m=65536,t=4,p=1$SkJ1Z1ZlVXY3a2E4RWlDRw$NaD/9+/NQoFYRjkjsqhUmRuWeESaSwiMhQ1jQuVkEwo', 'd158ef44e699d64fa6b1dc029595303b', '8d194dec3fae2932685ef62ab94539d4', 0),
(33, 'Olivia', 'Williams', 'olivia.williams@example.com', '0712983445', 'normal', '$argon2id$v=19$m=65536,t=4,p=1$Rlp4UVN3emFqSlh5SVp2SQ$LiyU208QK28fY6tqist6NxGUm/K4MDQTlL137JJvbRM', 'f1c3ae51ff7a14e32ae4e3a8ce4f7a63', '019ceb81f5c42853e3d9739b889e7faf', 0),
(34, 'Musa', 'Radebe', 'musa.radebe@example.com', '0723654789', 'normal', '$argon2id$v=19$m=65536,t=4,p=1$bW9JWXJGeGlTNzRkSk9KeA$HuBcEAiI26rQg/3zSCajJp2DFa/yumlddEn3/9xijFo', '6dedd9809e361a12b13be741b8b481e4', 'd8809de6d9d977ec0a0d7163c09b5381', 0),
(35, 'Aisha', 'Naidoo', 'aisha.naidoo@example.com', '0745567890', 'admin', '$argon2id$v=19$m=65536,t=4,p=1$WGw4aHFDemZuUXQ4bmxRaA$Sa3JFIgQFXNc0Dnx2hw84Y9D43IbCq6P0ChA2pXThEA', '4d317ae9c14934a1a16770673e12d5ea', '982d33e19cab6b6572ffa167ca14a491', 0),
(36, 'Kyle', 'Roberts', 'kyle.roberts@example.com', '0854739201', 'normal', '$argon2id$v=19$m=65536,t=4,p=1$YjRQZmdLeDJ0ZkI0cHF2Vw$yLgWMi2EKwPUVcAppYI51kL5z6MKQ0IRweJ9aTi8974', 'e851cdb39873548cb5dc995688d61152', 'd2204b421e75326ad97214029558729c', 0),
(37, 'Amara', 'Mokoena', 'amara.mokoena@example.com', NULL, 'admin', '$argon2id$v=19$m=65536,t=4,p=1$UVFqS0dlVmFua2JHLzNuSA$xCbEPotZp2ssVK23NAxcqj7VUE8iucXmufxh22GYjk8', 'd3bfcc2f017613374078317afe797399', 'ebdc3df619ff6dfd8f1e513e0b5496eb', 0),
(38, 'Jaden', 'Smith', 'jaden.smith@example.com', NULL, 'admin', '$argon2id$v=19$m=65536,t=4,p=1$Tkx3ZldwL0lYZG5kajlxTw$ojG8xBJpk8avS0b0ShV9va6DKD5DxSkxc9rr9SjJtAs', 'fea3f0f1ff0c130d53de8518e99a995e', '8de2e2ac9943a3df5d3c2f21a0879ef8', 0),
(39, 'Willow', 'Smith', 'willowsmiththesinger@example.com', '0123456789', 'admin', '$argon2id$v=19$m=65536,t=4,p=1$ZzJYZklYVVpiUlEuODd4Vw$Da9vtmFmUmu7KO7Hz8CuiBGyC+mBHT51G0+R17Cwk1c', '4bed6718ce84adfbb4264cb2c9ea229d', '3c8097fa9d0fef8afe17cd7c4a8a0a08', 38),
(40, 'Zinhle', 'Nkosi', 'zinhle.nkosi@example.com', NULL, 'admin', '$argon2id$v=19$m=65536,t=4,p=1$ZnBmbUlWRkxqaGd2bTRKdA$mRki+bHzWCx5LsLV0dxi7d9uhyuTvhUxn6RzVQP5bII', '10e50aeadc70e628ba7237afa86ff57a', 'fae2bad133f4f400c412ec535dd449a6', 0),
(41, 'Leo', 'Daniels', 'leo.daniels@example.com', NULL, 'normal', '$argon2id$v=19$m=65536,t=4,p=1$aXdMSm1GenNiTGdyZHMuNw$k3xIzL8Y198mFDZ9F7kMrwTKOfs5ML2TP78dsGqNBM8', 'b7c2cf3b7f6a9ebd02e0b75b81bd54d0', '1ef8450902b00d1a7855df5defb5a8eb', 0),
(42, 'Nandi', 'Pillay', 'nandi.pillay@example.com', NULL, 'admin', '$argon2id$v=19$m=65536,t=4,p=1$WklGNXdJNFlySnZVUkRjSg$U32vcxkE+oR/XbyIbxV71+ntLaV51M0vvdb0fAcnxes', '49c145a228cf24ff3bbc0e852143c9cd', 'c2610d2772bbc21356d3718cecc22a64', 0),
(43, 'Ethan', 'Mahlangu', 'ethan.mahlangu@example.com', NULL, 'normal', '$argon2id$v=19$m=65536,t=4,p=1$ZUo0bWVkb3JTNU85cUFuQw$e+We7kguBjTbDsdatbXRMFqxMw4uYJI+f4uGMDmispY', '1cff53d257b2ae7f240c899763a062eb', '3528cbdc36445e620121a7a48f05a813', 0),
(44, 'Lerato', 'van Wyk', 'lerato.vanwyk@example.com', NULL, 'admin', '$argon2id$v=19$m=65536,t=4,p=1$cy41RjluYk5FQ3hVa0UwRA$4+0ay8ynZ0W5rdALpqAb4ouGQHFIWw6lzZsfUjrjBP0', 'f5ce28526080e48854842a3321d39ca1', '823a1500766415292a2310c52016ff5d', 0),
(45, 'Jordan', 'Brown', 'jordan.brown@example.com', NULL, 'normal', '$argon2id$v=19$m=65536,t=4,p=1$WGM4RjNEY3NnTVVXRnYvNQ$0U/3Q+jS3sY0HesoUe1bZO3j0m9VyDcz+0i5IOVtJ24', 'd6617e6d1d5726e03a4a8a794efd8f85', '0e7c8df6207be4d66c62ed9076f899bd', 0),
(46, 'Tebogo', 'Ngwenya', 'tebogo.ngwenya@example.com', NULL, 'admin', '$argon2id$v=19$m=65536,t=4,p=1$czVNcDlzY2NuV2c0d2w4Tw$Rgtp2RTpSViHL8Yy105hGQsxBhEfh50eXJbj2P0L5rc', 'ab6086171520b5ed5c92a96e1aeb4b9f', '5daa926329f58972c39e1f4f77a7dab7', 0),
(47, 'Ava', 'Botha', 'ava.botha@example.com', NULL, 'normal', '$argon2id$v=19$m=65536,t=4,p=1$RWJUQUxGd0xlQVYvTmlHMQ$+9xvCLthZnc3oCNYW4RlinXw9vJjJQBuC0Lcj1WlHqo', '58ec142f59a9116314d94d9160b5ca6b', '69630c1b03368ae7b26e2d3fbb2f2398', 0),
(48, 'Thuli', 'Zuma', 'thuli.zuma@example.com', NULL, 'admin', '$argon2id$v=19$m=65536,t=4,p=1$NUpZcjA1NWlOMUM5aXZFQg$FjGktUSTVuzG7xVOnIRqUoDkwsiHwoeCAiDY1iehr90', 'bdde0602a1220871a0a8059de4149688', '2c56bd9e2e56d5f0c8e8b3f0d1b7dd14', 0),
(49, 'Jason', 'Jackson', 'jasonjackson@gmail.com', NULL, 'normal', '$argon2id$v=19$m=65536,t=4,p=1$THU3N01jRmVlU2VCVDFhSA$9RU4vE+Aeff5fJQjNO+XTM47h4xYuua51U23RiO37UM', '8ab6d07b0c23296f6b07c5619cd3410e', '447f2ebdf4e69eb56c325d5427f5a70d', 0),
(50, 'Jason', 'Jackson', 'jasonjackson@gmal.com', NULL, 'admin', '$argon2id$v=19$m=65536,t=4,p=1$Yy9xUUhBcTBPWVRvZ3pjSg$49cqUbmdkm1jdyz1tDzN/YYqMd2W0cAq9qw273NplZ0', '9bfcd112072bd0ee0e08b06028729018', '3b9147c60a6c5dfd9a80c65b34a49269', 0),
(52, 'Mutombo', 'Kabau', 'kabau8605@gmail.com', '0840941479', 'admin', '$argon2id$v=19$m=65536,t=4,p=2$Vk5pUFppVzdhdlNXN1owQw$BBNio569IrkOKngCHxiLNnRRjcC9o3A/iO6vy6QWx6k', '6caed24a433067810c2b88486e0e261b', '3c07d93da1e84cc229e2c47a83446191', 2),
(53, 'Karabo', 'Nk', 'kb@gmail.com', NULL, 'normal', '$argon2id$v=19$m=65536,t=4,p=2$WGFQM0E5OVJwc0MzTTM5NA$un5wTwyELEVlk6PAB+ySV7ILCcBYeNBQ57x7XTlP8YU', 'fe4f8a22b4ed059de58b5f86c61b4aa2', '6bc0d538a79f163c5f100f43b6d85d52', 0),
(56, 'Pol', 'Stofsuier', 'psmhofmeyr@gmail.com', '1233321342', 'admin', '$argon2id$v=19$m=65536,t=4,p=2$TGo3YlA4U0VCLlNZdHl1eA$HxDxym1u+CouUwkiGlYy9hPnWD6eG/G8U36ttRdqjBo', '82d2cf3dab824bdc3ae03788b25cb7a2', 'a0ec602008f583899bac016b6585ca92', 0);

--
-- Indexes for dumped tables
--

--
-- Indexes for table `Compare`
--
ALTER TABLE `Compare`
  ADD PRIMARY KEY (`user_id`,`product_id`),
  ADD KEY `product_id` (`product_id`);

--
-- Indexes for table `favourites`
--
ALTER TABLE `favourites`
  ADD PRIMARY KEY (`user_id`,`product_id`),
  ADD KEY `product_id` (`product_id`);

--
-- Indexes for table `Prices`
--
ALTER TABLE `Prices`
  ADD PRIMARY KEY (`Retailer_ID`,`Product_No`),
  ADD KEY `Product_No` (`Product_No`);

--
-- Indexes for table `Products`
--
ALTER TABLE `Products`
  ADD PRIMARY KEY (`Product_No`);

--
-- Indexes for table `Retailers`
--
ALTER TABLE `Retailers`
  ADD PRIMARY KEY (`Retailer_ID`);

--
-- Indexes for table `Reviews`
--
ALTER TABLE `Reviews`
  ADD PRIMARY KEY (`Review_ID`),
  ADD KEY `Prod_ID` (`Prod_ID`),
  ADD KEY `U_ID` (`U_ID`);

--
-- Indexes for table `Users`
--
ALTER TABLE `Users`
  ADD PRIMARY KEY (`User_ID`),
  ADD UNIQUE KEY `Email` (`Email`),
  ADD UNIQUE KEY `Password` (`Password`),
  ADD UNIQUE KEY `API_Key` (`API_Key`);

--
-- AUTO_INCREMENT for dumped tables
--

--
-- AUTO_INCREMENT for table `Products`
--
ALTER TABLE `Products`
  MODIFY `Product_No` int(11) NOT NULL AUTO_INCREMENT, AUTO_INCREMENT=140;

--
-- AUTO_INCREMENT for table `Retailers`
--
ALTER TABLE `Retailers`
  MODIFY `Retailer_ID` int(11) NOT NULL AUTO_INCREMENT, AUTO_INCREMENT=14;

--
-- AUTO_INCREMENT for table `Reviews`
--
ALTER TABLE `Reviews`
  MODIFY `Review_ID` int(11) NOT NULL AUTO_INCREMENT, AUTO_INCREMENT=1182;

--
-- AUTO_INCREMENT for table `Users`
--
ALTER TABLE `Users`
  MODIFY `User_ID` int(11) NOT NULL AUTO_INCREMENT, AUTO_INCREMENT=59;

--
-- Constraints for dumped tables
--

--
-- Constraints for table `Compare`
--
ALTER TABLE `Compare`
  ADD CONSTRAINT `Compare_ibfk_1` FOREIGN KEY (`user_id`) REFERENCES `Users` (`User_ID`),
  ADD CONSTRAINT `Compare_ibfk_2` FOREIGN KEY (`product_id`) REFERENCES `Products` (`Product_No`);

--
-- Constraints for table `favourites`
--
ALTER TABLE `favourites`
  ADD CONSTRAINT `favourites_ibfk_1` FOREIGN KEY (`user_id`) REFERENCES `Users` (`User_ID`),
  ADD CONSTRAINT `favourites_ibfk_2` FOREIGN KEY (`product_id`) REFERENCES `Products` (`Product_No`);

--
-- Constraints for table `Prices`
--
ALTER TABLE `Prices`
  ADD CONSTRAINT `Prices_ibfk_1` FOREIGN KEY (`Retailer_ID`) REFERENCES `Retailers` (`Retailer_ID`) ON DELETE CASCADE ON UPDATE CASCADE,
  ADD CONSTRAINT `Prices_ibfk_2` FOREIGN KEY (`Product_No`) REFERENCES `Products` (`Product_No`) ON DELETE CASCADE ON UPDATE CASCADE;

--
-- Constraints for table `Reviews`
--
ALTER TABLE `Reviews`
  ADD CONSTRAINT `Reviews_ibfk_1` FOREIGN KEY (`Prod_ID`) REFERENCES `Products` (`Product_No`),
  ADD CONSTRAINT `Reviews_ibfk_2` FOREIGN KEY (`U_ID`) REFERENCES `Users` (`User_ID`);
COMMIT;

/*!40101 SET CHARACTER_SET_CLIENT=@OLD_CHARACTER_SET_CLIENT */;
/*!40101 SET CHARACTER_SET_RESULTS=@OLD_CHARACTER_SET_RESULTS */;
/*!40101 SET COLLATION_CONNECTION=@OLD_COLLATION_CONNECTION */;
